2026-08-13 22:06:47 | INFO | REQUEST  | POST /api/tenant/meter-readings | Body: <binary>
2026-08-13 22:06:47 | INFO | POST /api/tenant/meter-readings | Status 201 | 71ms
2026-08-13 22:06:48 | INFO | REQUEST  | POST /api/tenant/meter-readings | Body: <binary>
2026-08-13 22:06:48 | INFO | POST /api/tenant/meter-readings | Status 201 | 42ms
2026-08-13 22:06:49 | INFO | REQUEST  | POST /api/tenant/meter-readings | Body: <binary>
2026-08-13 22:06:49 | ERROR | Database error – rolling back transaction: 400: The reading you entered (12000.0) is lower than the last approved reading (12450.00). Please check the meter and try again.
2026-08-13 22:06:49 | INFO | POST /api/tenant/meter-readings | Status 400 | 20ms
2026-08-13 22:06:50 | INFO | REQUEST  | POST /api/tenant/meter-readings | Body: <binary>
2026-08-13 22:06:50 | ERROR | Database error – rolling back transaction: 400: The photo appears to be corrupted or incomplete.
2026-08-13 22:06:50 | INFO | POST /api/tenant/meter-readings | Status 400 | 17ms
2026-08-13 22:06:51 | INFO | REQUEST  | POST /api/tenant/meter-readings | Body: <binary>
2026-08-13 22:06:51 | ERROR | Database error – rolling back transaction: 400: Photo is 2.0 MB, which is over the 1 MB limit. Please take the photo at a lower resolution or compress it.
2026-08-13 22:06:51 | INFO | POST /api/tenant/meter-readings | Status 400 | 88ms
2026-08-13 22:06:52 | INFO | REQUEST  | POST /api/tenant/meter-readings | Body: meter_id=1&customer_reading=12732
2026-08-13 22:06:52 | ERROR | Database error – rolling back transaction: 400: A photo of the meter is required.
2026-08-13 22:06:52 | INFO | POST /api/tenant/meter-readings | Status 400 | 23ms
2026-08-13 22:06:53 | INFO | REQUEST  | POST /api/tenant/meter-readings | Body: <binary>
2026-08-13 22:06:53 | INFO | POST /api/tenant/meter-readings | Status 201 | 29ms
2026-08-13 22:06:53 | INFO | REQUEST  | POST /api/tenant/meter-readings | Body: <binary>
2026-08-13 22:06:53 | ERROR | Database error – rolling back transaction: 409: A reading for this meter is already waiting for admin review. Please wait for it to be checked before sending another.
2026-08-13 22:06:53 | INFO | POST /api/tenant/meter-readings | Status 409 | 17ms
2026-08-13 22:06:54 | INFO | REQUEST  | POST /api/tenant/meter-readings | Body: <binary>
2026-08-13 22:06:54 | ERROR | Database error – rolling back transaction: 403: This meter is not on one of your shops.
2026-08-13 22:06:54 | INFO | POST /api/tenant/meter-readings | Status 403 | 16ms
2026-08-13 22:06:55 | INFO | REQUEST  | POST /api/tenant/meter-readings | Body: <binary>
2026-08-13 22:06:55 | INFO | POST /api/tenant/meter-readings | Status 201 | 32ms
2026-08-13 22:06:55 | INFO | REQUEST  | GET /api/tenant/meter-readings/1 | Body: 
2026-08-13 22:06:55 | INFO | GET /api/tenant/meter-readings/1 | Status 200 | 14ms
2026-08-13 22:06:55 | INFO | REQUEST  | GET /api/tenant/meter-readings/1 | Body: 
2026-08-13 22:06:55 | ERROR | Database error – rolling back transaction: 404: Reading not found
2026-08-13 22:06:55 | INFO | GET /api/tenant/meter-readings/1 | Status 404 | 20ms
2026-08-13 22:06:56 | INFO | REQUEST  | POST /api/tenant/meter-readings | Body: <binary>
2026-08-13 22:06:56 | INFO | POST /api/tenant/meter-readings | Status 201 | 41ms
2026-08-13 22:06:56 | INFO | REQUEST  | GET /api/meter-readings/1/photo | Body: 
2026-08-13 22:06:56 | INFO | GET /api/meter-readings/1/photo | Status 200 | 9ms
2026-08-13 22:06:56 | INFO | REQUEST  | GET /api/meter-readings/1/photo | Body: 
2026-08-13 22:06:56 | ERROR | Database error – rolling back transaction: 404: Reading not found
2026-08-13 22:06:56 | INFO | GET /api/meter-readings/1/photo | Status 404 | 12ms
2026-08-13 22:06:58 | INFO | REQUEST  | POST /api/tenant/meter-readings | Body: <binary>
2026-08-13 22:06:58 | INFO | POST /api/tenant/meter-readings | Status 201 | 32ms
2026-08-13 22:06:58 | INFO | REQUEST  | GET /api/meter-readings/1/photo | Body: 
2026-08-13 22:06:58 | INFO | GET /api/meter-readings/1/photo | Status 200 | 9ms
2026-08-13 22:06:58 | INFO | REQUEST  | POST /api/tenant/meter-readings | Body: <binary>
2026-08-13 22:06:58 | INFO | POST /api/tenant/meter-readings | Status 201 | 32ms
2026-08-13 22:06:58 | INFO | REQUEST  | POST /api/meter-readings/1/approve | Body: {"admin_verified_reading": 12732}
2026-08-13 22:06:58 | ERROR | Database error – rolling back transaction: 403: Admin access required
2026-08-13 22:06:58 | INFO | POST /api/meter-readings/1/approve | Status 403 | 14ms
2026-08-13 22:06:59 | INFO | REQUEST  | GET /api/meter-readings | Body: 
2026-08-13 22:06:59 | ERROR | Database error – rolling back transaction: 403: Admin access required
2026-08-13 22:06:59 | INFO | GET /api/meter-readings | Status 403 | 10ms
2026-08-13 22:07:00 | INFO | REQUEST  | GET /api/meters | Body: 
2026-08-13 22:07:00 | ERROR | Database error – rolling back transaction: 403: Admin access required
2026-08-13 22:07:00 | INFO | GET /api/meters | Status 403 | 15ms
2026-08-13 22:07:00 | INFO | REQUEST  | POST /api/meters | Body: {"shop_id": 1, "meter_number": "X"}
2026-08-13 22:07:00 | ERROR | Database error – rolling back transaction: 403: Admin access required
2026-08-13 22:07:00 | INFO | POST /api/meters | Status 403 | 17ms
2026-08-13 22:07:00 | INFO | REQUEST  | GET /api/meter-tariffs | Body: 
2026-08-13 22:07:00 | ERROR | Database error – rolling back transaction: 403: Admin access required
2026-08-13 22:07:00 | INFO | GET /api/meter-tariffs | Status 403 | 20ms
2026-08-13 22:07:01 | INFO | REQUEST  | GET /api/meter-readings | Body: 
2026-08-13 22:07:01 | ERROR | Database error – rolling back transaction: 403: Not authenticated
2026-08-13 22:07:01 | INFO | GET /api/meter-readings | Status 403 | 26ms
2026-08-13 22:07:01 | INFO | REQUEST  | GET /api/tenant/meters | Body: 
2026-08-13 22:07:01 | ERROR | Database error – rolling back transaction: 403: Not authenticated
2026-08-13 22:07:01 | INFO | GET /api/tenant/meters | Status 403 | 11ms
2026-08-13 22:07:02 | INFO | REQUEST  | POST /api/tenant/meter-readings | Body: <binary>
2026-08-13 22:07:02 | INFO | POST /api/tenant/meter-readings | Status 201 | 32ms
2026-08-13 22:07:02 | INFO | REQUEST  | GET /api/meter-readings/1 | Body: 
2026-08-13 22:07:02 | INFO | GET /api/meter-readings/1 | Status 200 | 21ms
2026-08-13 22:07:04 | INFO | REQUEST  | POST /api/tenant/meter-readings | Body: <binary>
2026-08-13 22:07:04 | INFO | POST /api/tenant/meter-readings | Status 201 | 36ms
2026-08-13 22:07:04 | INFO | REQUEST  | POST /api/meter-readings/1/preview | Body: {"admin_verified_reading": 12730}
2026-08-13 22:07:04 | INFO | POST /api/meter-readings/1/preview | Status 200 | 21ms
2026-08-13 22:07:05 | INFO | REQUEST  | POST /api/tenant/meter-readings | Body: <binary>
2026-08-13 22:07:05 | INFO | POST /api/tenant/meter-readings | Status 201 | 29ms
2026-08-13 22:07:05 | INFO | REQUEST  | POST /api/meter-readings/1/preview | Body: {"admin_verified_reading": 12000}
2026-08-13 22:07:05 | INFO | POST /api/meter-readings/1/preview | Status 200 | 7ms
2026-08-13 22:07:06 | INFO | REQUEST  | POST /api/tenant/meter-readings | Body: <binary>
2026-08-13 22:07:06 | INFO | POST /api/tenant/meter-readings | Status 201 | 30ms
2026-08-13 22:07:06 | INFO | REQUEST  | POST /api/meter-readings/1/preview | Body: {"admin_verified_reading": 12732}
2026-08-13 22:07:06 | INFO | POST /api/meter-readings/1/preview | Status 200 | 15ms
2026-08-13 22:07:07 | INFO | REQUEST  | POST /api/tenant/meter-readings | Body: <binary>
2026-08-13 22:07:07 | INFO | POST /api/tenant/meter-readings | Status 201 | 32ms
2026-08-13 22:07:07 | INFO | REQUEST  | POST /api/meter-readings/1/preview | Body: {"admin_verified_reading": 12450}
2026-08-13 22:07:07 | INFO | POST /api/meter-readings/1/preview | Status 200 | 19ms
2026-08-13 22:07:08 | INFO | REQUEST  | POST /api/tenant/meter-readings | Body: <binary>
2026-08-13 22:07:08 | INFO | POST /api/tenant/meter-readings | Status 201 | 33ms
2026-08-13 22:07:08 | INFO | REQUEST  | POST /api/meter-readings/1/preview | Body: {"admin_verified_reading": 19450}
2026-08-13 22:07:08 | INFO | POST /api/meter-readings/1/preview | Status 200 | 9ms
2026-08-13 22:07:10 | INFO | REQUEST  | POST /api/tenant/meter-readings | Body: <binary>
2026-08-13 22:07:10 | INFO | POST /api/tenant/meter-readings | Status 201 | 30ms
2026-08-13 22:07:10 | INFO | REQUEST  | PATCH /api/meter-readings/1/verify | Body: {"admin_verified_reading": 12730}
2026-08-13 22:07:10 | INFO | PATCH /api/meter-readings/1/verify | Status 200 | 31ms
2026-08-13 22:07:11 | INFO | REQUEST  | POST /api/tenant/meter-readings | Body: <binary>
2026-08-13 22:07:11 | INFO | POST /api/tenant/meter-readings | Status 201 | 42ms
2026-08-13 22:07:11 | INFO | REQUEST  | POST /api/meter-readings/1/approve | Body: {"admin_verified_reading": 12732}
2026-08-13 22:07:11 | INFO | POST /api/meter-readings/1/approve | Status 200 | 40ms
2026-08-13 22:07:12 | INFO | REQUEST  | POST /api/tenant/meter-readings | Body: <binary>
2026-08-13 22:07:12 | INFO | POST /api/tenant/meter-readings | Status 201 | 39ms
2026-08-13 22:07:12 | INFO | REQUEST  | POST /api/meter-readings/1/approve | Body: {"admin_verified_reading": 12730, "override_reason": "Photo clearly shows 12730."}
2026-08-13 22:07:12 | INFO | POST /api/meter-readings/1/approve | Status 200 | 32ms
2026-08-13 22:07:13 | INFO | REQUEST  | POST /api/tenant/meter-readings | Body: <binary>
2026-08-13 22:07:13 | INFO | POST /api/tenant/meter-readings | Status 201 | 36ms
2026-08-13 22:07:13 | INFO | REQUEST  | POST /api/meter-readings/1/approve | Body: {"admin_verified_reading": 12730}
2026-08-13 22:07:13 | ERROR | Database error – rolling back transaction: 400: Your reading differs from the tenant's submitted reading. Please give a short reason before approving.
2026-08-13 22:07:13 | INFO | POST /api/meter-readings/1/approve | Status 400 | 24ms
2026-08-13 22:07:14 | INFO | REQUEST  | POST /api/tenant/meter-readings | Body: <binary>
2026-08-13 22:07:15 | INFO | POST /api/tenant/meter-readings | Status 201 | 34ms
2026-08-13 22:07:15 | INFO | REQUEST  | POST /api/meter-readings/1/approve | Body: {"admin_verified_reading": 12732}
2026-08-13 22:07:15 | INFO | POST /api/meter-readings/1/approve | Status 200 | 33ms
2026-08-13 22:07:15 | INFO | REQUEST  | POST /api/meter-readings/1/approve | Body: {"admin_verified_reading": 12732}
2026-08-13 22:07:15 | ERROR | Database error – rolling back transaction: 409: This reading has already been approved and billed.
2026-08-13 22:07:15 | INFO | POST /api/meter-readings/1/approve | Status 409 | 25ms
2026-08-13 22:07:16 | INFO | REQUEST  | POST /api/tenant/meter-readings | Body: <binary>
2026-08-13 22:07:16 | INFO | POST /api/tenant/meter-readings | Status 201 | 31ms
2026-08-13 22:07:16 | INFO | REQUEST  | POST /api/meter-readings/1/approve | Body: {"admin_verified_reading": 12000, "override_reason": "typo test"}
2026-08-13 22:07:16 | ERROR | Database error – rolling back transaction: 400: Current reading (12000.00) is lower than the last approved reading (12450.00). Check the photo - if the meter was replaced or has rolled over, reject this reading and register a new meter instead.
2026-08-13 22:07:16 | INFO | POST /api/meter-readings/1/approve | Status 400 | 16ms
2026-08-13 22:07:17 | INFO | REQUEST  | POST /api/tenant/meter-readings | Body: <binary>
2026-08-13 22:07:17 | INFO | POST /api/tenant/meter-readings | Status 201 | 25ms
2026-08-13 22:07:17 | INFO | REQUEST  | POST /api/meter-readings/1/approve | Body: {"admin_verified_reading": 12732}
2026-08-13 22:07:17 | ERROR | Database error – rolling back transaction: 400: No unit price has been set for electricity on or before 13 Aug 2026. Add a tariff before approving this reading.
2026-08-13 22:07:17 | INFO | POST /api/meter-readings/1/approve | Status 400 | 18ms
2026-08-13 22:07:18 | INFO | REQUEST  | POST /api/tenant/meter-readings | Body: <binary>
2026-08-13 22:07:18 | INFO | POST /api/tenant/meter-readings | Status 201 | 40ms
2026-08-13 22:07:18 | INFO | REQUEST  | POST /api/meter-readings/1/approve | Body: {"admin_verified_reading": 12732}
2026-08-13 22:07:18 | INFO | POST /api/meter-readings/1/approve | Status 200 | 32ms
2026-08-13 22:07:19 | INFO | REQUEST  | POST /api/tenant/meter-readings | Body: <binary>
2026-08-13 22:07:19 | INFO | POST /api/tenant/meter-readings | Status 201 | 27ms
2026-08-13 22:07:19 | INFO | REQUEST  | POST /api/meter-readings/1/approve | Body: {"admin_verified_reading": 12732}
2026-08-13 22:07:19 | INFO | POST /api/meter-readings/1/approve | Status 200 | 28ms
2026-08-13 22:07:19 | INFO | REQUEST  | POST /api/tenant/meter-readings | Body: <binary>
2026-08-13 22:07:20 | INFO | POST /api/tenant/meter-readings | Status 201 | 25ms
2026-08-13 22:07:20 | INFO | REQUEST  | POST /api/meter-readings/2/approve | Body: {"admin_verified_reading": 13000}
2026-08-13 22:07:20 | INFO | POST /api/meter-readings/2/approve | Status 200 | 30ms
2026-08-13 22:07:21 | INFO | REQUEST  | POST /api/tenant/meter-readings | Body: <binary>
2026-08-13 22:07:21 | INFO | POST /api/tenant/meter-readings | Status 201 | 37ms
2026-08-13 22:07:21 | INFO | REQUEST  | POST /api/meter-readings/1/approve | Body: {"admin_verified_reading": 12732}
2026-08-13 22:07:21 | INFO | Reading 1 approved without a bill (auto_create_bill is off).
2026-08-13 22:07:21 | INFO | POST /api/meter-readings/1/approve | Status 200 | 33ms
2026-08-13 22:07:22 | INFO | REQUEST  | POST /api/tenant/meter-readings | Body: <binary>
2026-08-13 22:07:22 | INFO | POST /api/tenant/meter-readings | Status 201 | 40ms
2026-08-13 22:07:22 | INFO | REQUEST  | POST /api/meter-readings/1/reject | Body: {"reason": "Photo is too blurry to read."}
2026-08-13 22:07:22 | INFO | POST /api/meter-readings/1/reject | Status 200 | 31ms
2026-08-13 22:07:23 | INFO | REQUEST  | POST /api/tenant/meter-readings | Body: <binary>
2026-08-13 22:07:23 | INFO | POST /api/tenant/meter-readings | Status 201 | 31ms
2026-08-13 22:07:23 | INFO | REQUEST  | POST /api/meter-readings/1/reject | Body: {"reason": "Wrong meter photographed."}
2026-08-13 22:07:23 | INFO | POST /api/meter-readings/1/reject | Status 200 | 24ms
2026-08-13 22:07:23 | INFO | REQUEST  | GET /api/tenant/meter-readings/1 | Body: 
2026-08-13 22:07:23 | INFO | GET /api/tenant/meter-readings/1 | Status 200 | 11ms
2026-08-13 22:07:24 | INFO | REQUEST  | POST /api/tenant/meter-readings | Body: <binary>
2026-08-13 22:07:24 | INFO | POST /api/tenant/meter-readings | Status 201 | 28ms
2026-08-13 22:07:24 | INFO | REQUEST  | POST /api/meter-readings/1/reject | Body: {"reason": "Blurry"}
2026-08-13 22:07:24 | INFO | POST /api/meter-readings/1/reject | Status 200 | 28ms
2026-08-13 22:07:24 | INFO | REQUEST  | POST /api/tenant/meter-readings | Body: <binary>
2026-08-13 22:07:24 | INFO | POST /api/tenant/meter-readings | Status 201 | 27ms
2026-08-13 22:07:25 | INFO | REQUEST  | POST /api/tenant/meter-readings | Body: <binary>
2026-08-13 22:07:25 | INFO | POST /api/tenant/meter-readings | Status 201 | 31ms
2026-08-13 22:07:25 | INFO | REQUEST  | POST /api/meter-readings/1/approve | Body: {"admin_verified_reading": 12732}
2026-08-13 22:07:25 | INFO | POST /api/meter-readings/1/approve | Status 200 | 39ms
2026-08-13 22:07:25 | INFO | REQUEST  | POST /api/meter-readings/1/reject | Body: {"reason": "changed my mind"}
2026-08-13 22:07:26 | ERROR | Database error – rolling back transaction: 409: This reading has already been approved and billed. Use a bill adjustment instead of rejecting it.
2026-08-13 22:07:26 | INFO | POST /api/meter-readings/1/reject | Status 409 | 22ms
2026-08-13 22:07:27 | INFO | REQUEST  | POST /api/tenant/meter-readings | Body: <binary>
2026-08-13 22:07:27 | INFO | POST /api/tenant/meter-readings | Status 201 | 30ms
2026-08-13 22:07:27 | INFO | REQUEST  | POST /api/meter-readings/1/reject | Body: {"reason": "Blurry"}
2026-08-13 22:07:27 | INFO | POST /api/meter-readings/1/reject | Status 200 | 29ms
2026-08-13 22:07:27 | INFO | REQUEST  | POST /api/meter-readings/1/approve | Body: {"admin_verified_reading": 12732}
2026-08-13 22:07:27 | ERROR | Database error – rolling back transaction: 409: This reading was rejected. Ask the tenant to submit a new photo.
2026-08-13 22:07:27 | INFO | POST /api/meter-readings/1/approve | Status 409 | 14ms
2026-08-13 22:07:28 | INFO | REQUEST  | POST /api/tenant/meter-readings | Body: <binary>
2026-08-13 22:07:28 | INFO | POST /api/tenant/meter-readings | Status 201 | 35ms
2026-08-13 22:07:28 | INFO | REQUEST  | POST /api/meter-readings/1/approve | Body: {"admin_verified_reading": 12730, "override_reason": "Photo shows 12730"}
2026-08-13 22:07:28 | INFO | POST /api/meter-readings/1/approve | Status 200 | 39ms
2026-08-13 22:07:29 | INFO | REQUEST  | POST /api/meters | Body: {"shop_id": 1, "meter_number": "MTR-NEW", "initial_reading": 500}
2026-08-13 22:07:29 | INFO | POST /api/meters | Status 201 | 32ms
2026-08-13 22:07:29 | INFO | REQUEST  | GET /api/meters | Body: 
2026-08-13 22:07:29 | INFO | GET /api/meters | Status 200 | 11ms
2026-08-13 22:07:31 | INFO | REQUEST  | POST /api/meters | Body: {"shop_id": 1, "meter_number": "MTR-001"}
2026-08-13 22:07:31 | ERROR | Database error – rolling back transaction: 409: Meter MTR-001 already exists on this shop
2026-08-13 22:07:31 | INFO | POST /api/meters | Status 409 | 27ms
2026-08-13 22:07:32 | INFO | REQUEST  | POST /api/tenant/meter-readings | Body: <binary>
2026-08-13 22:07:33 | INFO | POST /api/tenant/meter-readings | Status 201 | 33ms
2026-08-13 22:07:33 | INFO | REQUEST  | POST /api/meter-readings/1/approve | Body: {"admin_verified_reading": 12732}
2026-08-13 22:07:33 | INFO | POST /api/meter-readings/1/approve | Status 200 | 37ms
2026-08-13 22:07:33 | INFO | REQUEST  | PUT /api/meters/1 | Body: {"initial_reading": 1}
2026-08-13 22:07:33 | ERROR | Database error – rolling back transaction: 400: Initial reading cannot be changed once this meter has approved readings.
2026-08-13 22:07:33 | INFO | PUT /api/meters/1 | Status 400 | 27ms
2026-08-13 22:07:34 | INFO | REQUEST  | POST /api/tenant/meter-readings | Body: <binary>
2026-08-13 22:07:34 | INFO | POST /api/tenant/meter-readings | Status 201 | 42ms
2026-08-13 22:07:34 | INFO | REQUEST  | POST /api/meter-readings/1/approve | Body: {"admin_verified_reading": 12732}
2026-08-13 22:07:34 | INFO | POST /api/meter-readings/1/approve | Status 200 | 67ms
2026-08-13 22:07:34 | INFO | REQUEST  | DELETE /api/meters/1 | Body: 
2026-08-13 22:07:34 | ERROR | Database error – rolling back transaction: 400: This meter has approved readings and cannot be deleted. Mark it inactive instead so its history is preserved.
2026-08-13 22:07:34 | INFO | DELETE /api/meters/1 | Status 400 | 52ms
2026-08-13 22:07:35 | INFO | REQUEST  | GET /api/tenant/meters | Body: 
2026-08-13 22:07:35 | INFO | GET /api/tenant/meters | Status 200 | 42ms
2026-08-13 22:07:35 | INFO | REQUEST  | GET /api/tenant/meters | Body: 
2026-08-13 22:07:35 | INFO | GET /api/tenant/meters | Status 200 | 21ms
2026-08-13 22:07:36 | INFO | REQUEST  | POST /api/meter-tariffs | Body: {"meter_type": "electricity", "unit_price": 8.0, "effective_from": "2026-04-01T00:00:00"}
2026-08-13 22:07:36 | INFO | POST /api/meter-tariffs | Status 201 | 36ms
2026-08-13 22:07:36 | INFO | REQUEST  | POST /api/meter-tariffs | Body: {"meter_type": "electricity", "unit_price": 9.5, "effective_from": "2026-07-01T00:00:00"}
2026-08-13 22:07:36 | INFO | POST /api/meter-tariffs | Status 201 | 28ms
2026-08-13 22:07:36 | INFO | REQUEST  | GET /api/meter-tariffs | Body: 
2026-08-13 22:07:36 | INFO | GET /api/meter-tariffs | Status 200 | 8ms
2026-08-13 22:07:38 | INFO | REQUEST  | POST /api/tenant/meter-readings | Body: <binary>
2026-08-13 22:07:38 | INFO | POST /api/tenant/meter-readings | Status 201 | 36ms
2026-08-13 22:07:38 | INFO | REQUEST  | POST /api/meter-readings/1/approve | Body: {"admin_verified_reading": 12732}
2026-08-13 22:07:38 | INFO | POST /api/meter-readings/1/approve | Status 200 | 35ms
2026-08-13 22:07:38 | INFO | REQUEST  | DELETE /api/meter-tariffs/1 | Body: 
2026-08-13 22:07:38 | ERROR | Database error – rolling back transaction: 400: This rate has already been used to bill a reading and cannot be deleted. Add a newer rate instead.
2026-08-13 22:07:38 | INFO | DELETE /api/meter-tariffs/1 | Status 400 | 21ms
2026-08-13 22:07:39 | INFO | REQUEST  | GET /api/settings | Body: 
2026-08-13 22:07:39 | INFO | GET /api/settings | Status 200 | 15ms
2026-08-13 22:07:39 | INFO | REQUEST  | PUT /api/settings | Body: {"values": {"app.name": "Gund Properties"}}
2026-08-13 22:07:39 | INFO | PUT /api/settings | Status 200 | 24ms
2026-08-13 22:07:39 | INFO | REQUEST  | GET /api/settings/public | Body: 
2026-08-13 22:07:39 | INFO | GET /api/settings/public | Status 200 | 9ms
2026-08-13 22:07:39 | INFO | REQUEST  | PUT /api/settings | Body: {"values": {"app.name": "Valid Name", "meter.photo_max_mb": 999}}
2026-08-13 22:07:39 | ERROR | Database error – rolling back transaction: 400: Max photo size must be between 1 and 50 MB
2026-08-13 22:07:39 | INFO | PUT /api/settings | Status 400 | 17ms
2026-08-13 22:07:39 | INFO | REQUEST  | GET /api/settings/public | Body: 
2026-08-13 22:07:39 | INFO | GET /api/settings/public | Status 200 | 6ms
2026-08-13 22:07:40 | INFO | REQUEST  | PUT /api/settings | Body: {"values": {"totally.made.up": "x"}}
2026-08-13 22:07:40 | ERROR | Database error – rolling back transaction: 400: Unknown setting key(s): totally.made.up
2026-08-13 22:07:40 | INFO | PUT /api/settings | Status 400 | 11ms
2026-08-13 22:07:41 | INFO | REQUEST  | PUT /api/settings | Body: {"values": {"app.name": "Temp"}}
2026-08-13 22:07:41 | INFO | PUT /api/settings | Status 200 | 26ms
2026-08-13 22:07:41 | INFO | REQUEST  | POST /api/settings/reset | Body: 
2026-08-13 22:07:41 | INFO | POST /api/settings/reset | Status 200 | 19ms
2026-08-13 22:07:41 | INFO | REQUEST  | GET /api/settings/public | Body: 
2026-08-13 22:07:41 | INFO | GET /api/settings/public | Status 200 | 8ms
2026-08-13 22:07:42 | INFO | REQUEST  | GET /api/settings | Body: 
2026-08-13 22:07:42 | ERROR | Database error – rolling back transaction: 403: Admin access required
2026-08-13 22:07:42 | INFO | GET /api/settings | Status 403 | 52ms
2026-08-13 22:07:42 | INFO | REQUEST  | PUT /api/settings | Body: {"values": {"app.name": "Hacked"}}
2026-08-13 22:07:42 | ERROR | Database error – rolling back transaction: 403: Admin access required
2026-08-13 22:07:42 | INFO | PUT /api/settings | Status 403 | 71ms
2026-08-13 22:07:43 | INFO | REQUEST  | GET /api/settings/public | Body: 
2026-08-13 22:07:43 | INFO | GET /api/settings/public | Status 200 | 16ms
2026-08-13 22:08:13 | INFO | REQUEST  | POST /api/tenant/meter-readings | Body: <binary>
2026-08-13 22:08:13 | INFO | POST /api/tenant/meter-readings | Status 201 | 52ms
2026-08-13 22:08:14 | INFO | REQUEST  | POST /api/tenant/meter-readings | Body: <binary>
2026-08-13 22:08:14 | INFO | POST /api/tenant/meter-readings | Status 201 | 39ms
2026-08-13 22:08:15 | INFO | REQUEST  | POST /api/tenant/meter-readings | Body: <binary>
2026-08-13 22:08:15 | ERROR | Database error – rolling back transaction: 400: The reading you entered (12000.0) is lower than the last approved reading (12450.00). Please check the meter and try again.
2026-08-13 22:08:15 | INFO | POST /api/tenant/meter-readings | Status 400 | 31ms
2026-08-13 22:08:16 | INFO | REQUEST  | POST /api/tenant/meter-readings | Body: <binary>
2026-08-13 22:08:16 | ERROR | Database error – rolling back transaction: 400: The photo appears to be corrupted or incomplete.
2026-08-13 22:08:16 | INFO | POST /api/tenant/meter-readings | Status 400 | 24ms
2026-08-13 22:08:17 | INFO | REQUEST  | POST /api/tenant/meter-readings | Body: <binary>
2026-08-13 22:08:17 | ERROR | Database error – rolling back transaction: 400: Photo is 2.0 MB, which is over the 1 MB limit. Please take the photo at a lower resolution or compress it.
2026-08-13 22:08:17 | INFO | POST /api/tenant/meter-readings | Status 400 | 172ms
2026-08-13 22:08:18 | INFO | REQUEST  | POST /api/tenant/meter-readings | Body: meter_id=1&customer_reading=12732
2026-08-13 22:08:18 | ERROR | Database error – rolling back transaction: 400: A photo of the meter is required.
2026-08-13 22:08:18 | INFO | POST /api/tenant/meter-readings | Status 400 | 27ms
2026-08-13 22:08:19 | INFO | REQUEST  | POST /api/tenant/meter-readings | Body: <binary>
2026-08-13 22:08:19 | INFO | POST /api/tenant/meter-readings | Status 201 | 32ms
2026-08-13 22:08:19 | INFO | REQUEST  | POST /api/tenant/meter-readings | Body: <binary>
2026-08-13 22:08:19 | ERROR | Database error – rolling back transaction: 409: A reading for this meter is already waiting for admin review. Please wait for it to be checked before sending another.
2026-08-13 22:08:19 | INFO | POST /api/tenant/meter-readings | Status 409 | 22ms
2026-08-13 22:08:20 | INFO | REQUEST  | POST /api/tenant/meter-readings | Body: <binary>
2026-08-13 22:08:20 | ERROR | Database error – rolling back transaction: 403: This meter is not on one of your shops.
2026-08-13 22:08:20 | INFO | POST /api/tenant/meter-readings | Status 403 | 24ms
2026-08-13 22:08:22 | INFO | REQUEST  | POST /api/tenant/meter-readings | Body: <binary>
2026-08-13 22:08:22 | INFO | POST /api/tenant/meter-readings | Status 201 | 36ms
2026-08-13 22:08:22 | INFO | REQUEST  | GET /api/tenant/meter-readings/1 | Body: 
2026-08-13 22:08:22 | INFO | GET /api/tenant/meter-readings/1 | Status 200 | 11ms
2026-08-13 22:08:22 | INFO | REQUEST  | GET /api/tenant/meter-readings/1 | Body: 
2026-08-13 22:08:22 | ERROR | Database error – rolling back transaction: 404: Reading not found
2026-08-13 22:08:22 | INFO | GET /api/tenant/meter-readings/1 | Status 404 | 25ms
2026-08-13 22:08:23 | INFO | REQUEST  | POST /api/tenant/meter-readings | Body: <binary>
2026-08-13 22:08:23 | INFO | POST /api/tenant/meter-readings | Status 201 | 31ms
2026-08-13 22:08:23 | INFO | REQUEST  | GET /api/meter-readings/1/photo | Body: 
2026-08-13 22:08:23 | INFO | GET /api/meter-readings/1/photo | Status 200 | 6ms
2026-08-13 22:08:23 | INFO | REQUEST  | GET /api/meter-readings/1/photo | Body: 
2026-08-13 22:08:23 | ERROR | Database error – rolling back transaction: 404: Reading not found
2026-08-13 22:08:23 | INFO | GET /api/meter-readings/1/photo | Status 404 | 15ms
2026-08-13 22:08:24 | INFO | REQUEST  | POST /api/tenant/meter-readings | Body: <binary>
2026-08-13 22:08:24 | INFO | POST /api/tenant/meter-readings | Status 201 | 39ms
2026-08-13 22:08:24 | INFO | REQUEST  | GET /api/meter-readings/1/photo | Body: 
2026-08-13 22:08:24 | INFO | GET /api/meter-readings/1/photo | Status 200 | 11ms
2026-08-13 22:08:25 | INFO | REQUEST  | POST /api/tenant/meter-readings | Body: <binary>
2026-08-13 22:08:25 | INFO | POST /api/tenant/meter-readings | Status 201 | 35ms
2026-08-13 22:08:25 | INFO | REQUEST  | POST /api/meter-readings/1/approve | Body: {"admin_verified_reading": 12732}
2026-08-13 22:08:25 | ERROR | Database error – rolling back transaction: 403: Admin access required
2026-08-13 22:08:25 | INFO | POST /api/meter-readings/1/approve | Status 403 | 20ms
2026-08-13 22:08:26 | INFO | REQUEST  | GET /api/meter-readings | Body: 
2026-08-13 22:08:26 | ERROR | Database error – rolling back transaction: 403: Admin access required
2026-08-13 22:08:26 | INFO | GET /api/meter-readings | Status 403 | 12ms
2026-08-13 22:08:27 | INFO | REQUEST  | GET /api/meters | Body: 
2026-08-13 22:08:27 | ERROR | Database error – rolling back transaction: 403: Admin access required
2026-08-13 22:08:27 | INFO | GET /api/meters | Status 403 | 17ms
2026-08-13 22:08:27 | INFO | REQUEST  | POST /api/meters | Body: {"shop_id": 1, "meter_number": "X"}
2026-08-13 22:08:27 | ERROR | Database error – rolling back transaction: 403: Admin access required
2026-08-13 22:08:27 | INFO | POST /api/meters | Status 403 | 12ms
2026-08-13 22:08:27 | INFO | REQUEST  | GET /api/meter-tariffs | Body: 
2026-08-13 22:08:27 | ERROR | Database error – rolling back transaction: 403: Admin access required
2026-08-13 22:08:27 | INFO | GET /api/meter-tariffs | Status 403 | 16ms
2026-08-13 22:08:28 | INFO | REQUEST  | GET /api/meter-readings | Body: 
2026-08-13 22:08:28 | ERROR | Database error – rolling back transaction: 403: Not authenticated
2026-08-13 22:08:28 | INFO | GET /api/meter-readings | Status 403 | 12ms
2026-08-13 22:08:28 | INFO | REQUEST  | GET /api/tenant/meters | Body: 
2026-08-13 22:08:28 | ERROR | Database error – rolling back transaction: 403: Not authenticated
2026-08-13 22:08:28 | INFO | GET /api/tenant/meters | Status 403 | 18ms
2026-08-13 22:08:29 | INFO | REQUEST  | POST /api/tenant/meter-readings | Body: <binary>
2026-08-13 22:08:29 | INFO | POST /api/tenant/meter-readings | Status 201 | 35ms
2026-08-13 22:08:29 | INFO | REQUEST  | GET /api/meter-readings/1 | Body: 
2026-08-13 22:08:29 | INFO | GET /api/meter-readings/1 | Status 200 | 20ms
2026-08-13 22:08:30 | INFO | REQUEST  | POST /api/tenant/meter-readings | Body: <binary>
2026-08-13 22:08:30 | INFO | POST /api/tenant/meter-readings | Status 201 | 35ms
2026-08-13 22:08:30 | INFO | REQUEST  | POST /api/meter-readings/1/preview | Body: {"admin_verified_reading": 12730}
2026-08-13 22:08:30 | INFO | POST /api/meter-readings/1/preview | Status 200 | 20ms
2026-08-13 22:08:31 | INFO | REQUEST  | POST /api/tenant/meter-readings | Body: <binary>
2026-08-13 22:08:31 | INFO | POST /api/tenant/meter-readings | Status 201 | 39ms
2026-08-13 22:08:31 | INFO | REQUEST  | POST /api/meter-readings/1/preview | Body: {"admin_verified_reading": 12000}
2026-08-13 22:08:31 | INFO | POST /api/meter-readings/1/preview | Status 200 | 6ms
2026-08-13 22:08:33 | INFO | REQUEST  | POST /api/tenant/meter-readings | Body: <binary>
2026-08-13 22:08:33 | INFO | POST /api/tenant/meter-readings | Status 201 | 40ms
2026-08-13 22:08:33 | INFO | REQUEST  | POST /api/meter-readings/1/preview | Body: {"admin_verified_reading": 12732}
2026-08-13 22:08:33 | INFO | POST /api/meter-readings/1/preview | Status 200 | 20ms
2026-08-13 22:08:34 | INFO | REQUEST  | POST /api/tenant/meter-readings | Body: <binary>
2026-08-13 22:08:34 | INFO | POST /api/tenant/meter-readings | Status 201 | 36ms
2026-08-13 22:08:34 | INFO | REQUEST  | POST /api/meter-readings/1/preview | Body: {"admin_verified_reading": 12450}
2026-08-13 22:08:34 | INFO | POST /api/meter-readings/1/preview | Status 200 | 21ms
2026-08-13 22:08:36 | INFO | REQUEST  | POST /api/tenant/meter-readings | Body: <binary>
2026-08-13 22:08:36 | INFO | POST /api/tenant/meter-readings | Status 201 | 42ms
2026-08-13 22:08:36 | INFO | REQUEST  | POST /api/meter-readings/1/preview | Body: {"admin_verified_reading": 19450}
2026-08-13 22:08:36 | INFO | POST /api/meter-readings/1/preview | Status 200 | 19ms
2026-08-13 22:08:37 | INFO | REQUEST  | POST /api/tenant/meter-readings | Body: <binary>
2026-08-13 22:08:37 | INFO | POST /api/tenant/meter-readings | Status 201 | 33ms
2026-08-13 22:08:37 | INFO | REQUEST  | PATCH /api/meter-readings/1/verify | Body: {"admin_verified_reading": 12730}
2026-08-13 22:08:37 | INFO | PATCH /api/meter-readings/1/verify | Status 200 | 31ms
2026-08-13 22:08:38 | INFO | REQUEST  | POST /api/tenant/meter-readings | Body: <binary>
2026-08-13 22:08:38 | INFO | POST /api/tenant/meter-readings | Status 201 | 27ms
2026-08-13 22:08:38 | INFO | REQUEST  | POST /api/meter-readings/1/approve | Body: {"admin_verified_reading": 12732}
2026-08-13 22:08:39 | INFO | POST /api/meter-readings/1/approve | Status 200 | 43ms
2026-08-13 22:08:40 | INFO | REQUEST  | POST /api/tenant/meter-readings | Body: <binary>
2026-08-13 22:08:40 | INFO | POST /api/tenant/meter-readings | Status 201 | 35ms
2026-08-13 22:08:40 | INFO | REQUEST  | POST /api/meter-readings/1/approve | Body: {"admin_verified_reading": 12730, "override_reason": "Photo clearly shows 12730."}
2026-08-13 22:08:40 | INFO | POST /api/meter-readings/1/approve | Status 200 | 34ms
2026-08-13 22:08:41 | INFO | REQUEST  | POST /api/tenant/meter-readings | Body: <binary>
2026-08-13 22:08:41 | INFO | POST /api/tenant/meter-readings | Status 201 | 33ms
2026-08-13 22:08:41 | INFO | REQUEST  | POST /api/meter-readings/1/approve | Body: {"admin_verified_reading": 12730}
2026-08-13 22:08:41 | ERROR | Database error – rolling back transaction: 400: Your reading differs from the tenant's submitted reading. Please give a short reason before approving.
2026-08-13 22:08:41 | INFO | POST /api/meter-readings/1/approve | Status 400 | 20ms
2026-08-13 22:08:42 | INFO | REQUEST  | POST /api/tenant/meter-readings | Body: <binary>
2026-08-13 22:08:42 | INFO | POST /api/tenant/meter-readings | Status 201 | 44ms
2026-08-13 22:08:42 | INFO | REQUEST  | POST /api/meter-readings/1/approve | Body: {"admin_verified_reading": 12732}
2026-08-13 22:08:42 | INFO | POST /api/meter-readings/1/approve | Status 200 | 56ms
2026-08-13 22:08:42 | INFO | REQUEST  | POST /api/meter-readings/1/approve | Body: {"admin_verified_reading": 12732}
2026-08-13 22:08:42 | ERROR | Database error – rolling back transaction: 409: This reading has already been approved and billed.
2026-08-13 22:08:42 | INFO | POST /api/meter-readings/1/approve | Status 409 | 45ms
2026-08-13 22:08:44 | INFO | REQUEST  | POST /api/tenant/meter-readings | Body: <binary>
2026-08-13 22:08:44 | INFO | POST /api/tenant/meter-readings | Status 201 | 28ms
2026-08-13 22:08:44 | INFO | REQUEST  | POST /api/meter-readings/1/approve | Body: {"admin_verified_reading": 12000, "override_reason": "typo test"}
2026-08-13 22:08:44 | ERROR | Database error – rolling back transaction: 400: Current reading (12000.00) is lower than the last approved reading (12450.00). Check the photo - if the meter was replaced or has rolled over, reject this reading and register a new meter instead.
2026-08-13 22:08:44 | INFO | POST /api/meter-readings/1/approve | Status 400 | 32ms
2026-08-13 22:08:45 | INFO | REQUEST  | POST /api/tenant/meter-readings | Body: <binary>
2026-08-13 22:08:45 | INFO | POST /api/tenant/meter-readings | Status 201 | 26ms
2026-08-13 22:08:45 | INFO | REQUEST  | POST /api/meter-readings/1/approve | Body: {"admin_verified_reading": 12732}
2026-08-13 22:08:45 | ERROR | Database error – rolling back transaction: 400: No unit price has been set for electricity on or before 13 Aug 2026. Add a tariff before approving this reading.
2026-08-13 22:08:45 | INFO | POST /api/meter-readings/1/approve | Status 400 | 23ms
2026-08-13 22:08:46 | INFO | REQUEST  | POST /api/tenant/meter-readings | Body: <binary>
2026-08-13 22:08:46 | INFO | POST /api/tenant/meter-readings | Status 201 | 28ms
2026-08-13 22:08:46 | INFO | REQUEST  | POST /api/meter-readings/1/approve | Body: {"admin_verified_reading": 12732}
2026-08-13 22:08:46 | INFO | POST /api/meter-readings/1/approve | Status 200 | 33ms
2026-08-13 22:08:47 | INFO | REQUEST  | POST /api/tenant/meter-readings | Body: <binary>
2026-08-13 22:08:47 | INFO | POST /api/tenant/meter-readings | Status 201 | 40ms
2026-08-13 22:08:47 | INFO | REQUEST  | POST /api/meter-readings/1/approve | Body: {"admin_verified_reading": 12732}
2026-08-13 22:08:47 | INFO | POST /api/meter-readings/1/approve | Status 200 | 30ms
2026-08-13 22:08:47 | INFO | REQUEST  | POST /api/tenant/meter-readings | Body: <binary>
2026-08-13 22:08:47 | INFO | POST /api/tenant/meter-readings | Status 201 | 29ms
2026-08-13 22:08:47 | INFO | REQUEST  | POST /api/meter-readings/2/approve | Body: {"admin_verified_reading": 13000}
2026-08-13 22:08:47 | INFO | POST /api/meter-readings/2/approve | Status 200 | 31ms
2026-08-13 22:08:49 | INFO | REQUEST  | POST /api/tenant/meter-readings | Body: <binary>
2026-08-13 22:08:49 | INFO | POST /api/tenant/meter-readings | Status 201 | 35ms
2026-08-13 22:08:49 | INFO | REQUEST  | POST /api/meter-readings/1/approve | Body: {"admin_verified_reading": 12732}
2026-08-13 22:08:49 | INFO | Reading 1 approved without a bill (auto_create_bill is off).
2026-08-13 22:08:49 | INFO | POST /api/meter-readings/1/approve | Status 200 | 33ms
2026-08-13 22:08:50 | INFO | REQUEST  | POST /api/tenant/meter-readings | Body: <binary>
2026-08-13 22:08:50 | INFO | POST /api/tenant/meter-readings | Status 201 | 34ms
2026-08-13 22:08:50 | INFO | REQUEST  | POST /api/meter-readings/1/reject | Body: {"reason": "Photo is too blurry to read."}
2026-08-13 22:08:50 | INFO | POST /api/meter-readings/1/reject | Status 200 | 25ms
2026-08-13 22:08:51 | INFO | REQUEST  | POST /api/tenant/meter-readings | Body: <binary>
2026-08-13 22:08:51 | INFO | POST /api/tenant/meter-readings | Status 201 | 33ms
2026-08-13 22:08:51 | INFO | REQUEST  | POST /api/meter-readings/1/reject | Body: {"reason": "Wrong meter photographed."}
2026-08-13 22:08:51 | INFO | POST /api/meter-readings/1/reject | Status 200 | 21ms
2026-08-13 22:08:51 | INFO | REQUEST  | GET /api/tenant/meter-readings/1 | Body: 
2026-08-13 22:08:51 | INFO | GET /api/tenant/meter-readings/1 | Status 200 | 19ms
2026-08-13 22:08:52 | INFO | REQUEST  | POST /api/tenant/meter-readings | Body: <binary>
2026-08-13 22:08:53 | INFO | POST /api/tenant/meter-readings | Status 201 | 34ms
2026-08-13 22:08:53 | INFO | REQUEST  | POST /api/meter-readings/1/reject | Body: {"reason": "Blurry"}
2026-08-13 22:08:53 | INFO | POST /api/meter-readings/1/reject | Status 200 | 25ms
2026-08-13 22:08:53 | INFO | REQUEST  | POST /api/tenant/meter-readings | Body: <binary>
2026-08-13 22:08:53 | INFO | POST /api/tenant/meter-readings | Status 201 | 31ms
2026-08-13 22:08:54 | INFO | REQUEST  | POST /api/tenant/meter-readings | Body: <binary>
2026-08-13 22:08:54 | INFO | POST /api/tenant/meter-readings | Status 201 | 33ms
2026-08-13 22:08:54 | INFO | REQUEST  | POST /api/meter-readings/1/approve | Body: {"admin_verified_reading": 12732}
2026-08-13 22:08:54 | INFO | POST /api/meter-readings/1/approve | Status 200 | 31ms
2026-08-13 22:08:54 | INFO | REQUEST  | POST /api/meter-readings/1/reject | Body: {"reason": "changed my mind"}
2026-08-13 22:08:54 | ERROR | Database error – rolling back transaction: 409: This reading has already been approved and billed. Use a bill adjustment instead of rejecting it.
2026-08-13 22:08:54 | INFO | POST /api/meter-readings/1/reject | Status 409 | 14ms
2026-08-13 22:08:55 | INFO | REQUEST  | POST /api/tenant/meter-readings | Body: <binary>
2026-08-13 22:08:55 | INFO | POST /api/tenant/meter-readings | Status 201 | 36ms
2026-08-13 22:08:55 | INFO | REQUEST  | POST /api/meter-readings/1/reject | Body: {"reason": "Blurry"}
2026-08-13 22:08:55 | INFO | POST /api/meter-readings/1/reject | Status 200 | 29ms
2026-08-13 22:08:55 | INFO | REQUEST  | POST /api/meter-readings/1/approve | Body: {"admin_verified_reading": 12732}
2026-08-13 22:08:55 | ERROR | Database error – rolling back transaction: 409: This reading was rejected. Ask the tenant to submit a new photo.
2026-08-13 22:08:55 | INFO | POST /api/meter-readings/1/approve | Status 409 | 28ms
2026-08-13 22:08:56 | INFO | REQUEST  | POST /api/tenant/meter-readings | Body: <binary>
2026-08-13 22:08:56 | INFO | POST /api/tenant/meter-readings | Status 201 | 26ms
2026-08-13 22:08:56 | INFO | REQUEST  | POST /api/meter-readings/1/approve | Body: {"admin_verified_reading": 12730, "override_reason": "Photo shows 12730"}
2026-08-13 22:08:56 | INFO | POST /api/meter-readings/1/approve | Status 200 | 27ms
2026-08-13 22:08:57 | INFO | REQUEST  | POST /api/meters | Body: {"shop_id": 1, "meter_number": "MTR-NEW", "initial_reading": 500}
2026-08-13 22:08:57 | INFO | POST /api/meters | Status 201 | 30ms
2026-08-13 22:08:57 | INFO | REQUEST  | GET /api/meters | Body: 
2026-08-13 22:08:57 | INFO | GET /api/meters | Status 200 | 13ms
2026-08-13 22:08:59 | INFO | REQUEST  | POST /api/meters | Body: {"shop_id": 1, "meter_number": "MTR-001"}
2026-08-13 22:08:59 | ERROR | Database error – rolling back transaction: 409: Meter MTR-001 already exists on this shop
2026-08-13 22:08:59 | INFO | POST /api/meters | Status 409 | 20ms
2026-08-13 22:09:00 | INFO | REQUEST  | POST /api/tenant/meter-readings | Body: <binary>
2026-08-13 22:09:00 | INFO | POST /api/tenant/meter-readings | Status 201 | 29ms
2026-08-13 22:09:00 | INFO | REQUEST  | POST /api/meter-readings/1/approve | Body: {"admin_verified_reading": 12732}
2026-08-13 22:09:00 | INFO | POST /api/meter-readings/1/approve | Status 200 | 31ms
2026-08-13 22:09:00 | INFO | REQUEST  | PUT /api/meters/1 | Body: {"initial_reading": 1}
2026-08-13 22:09:00 | ERROR | Database error – rolling back transaction: 400: Initial reading cannot be changed once this meter has approved readings.
2026-08-13 22:09:00 | INFO | PUT /api/meters/1 | Status 400 | 22ms
2026-08-13 22:09:01 | INFO | REQUEST  | POST /api/tenant/meter-readings | Body: <binary>
2026-08-13 22:09:01 | INFO | POST /api/tenant/meter-readings | Status 201 | 29ms
2026-08-13 22:09:01 | INFO | REQUEST  | POST /api/meter-readings/1/approve | Body: {"admin_verified_reading": 12732}
2026-08-13 22:09:01 | INFO | POST /api/meter-readings/1/approve | Status 200 | 26ms
2026-08-13 22:09:01 | INFO | REQUEST  | DELETE /api/meters/1 | Body: 
2026-08-13 22:09:01 | ERROR | Database error – rolling back transaction: 400: This meter has approved readings and cannot be deleted. Mark it inactive instead so its history is preserved.
2026-08-13 22:09:01 | INFO | DELETE /api/meters/1 | Status 400 | 19ms
2026-08-13 22:09:02 | INFO | REQUEST  | GET /api/tenant/meters | Body: 
2026-08-13 22:09:02 | INFO | GET /api/tenant/meters | Status 200 | 20ms
2026-08-13 22:09:02 | INFO | REQUEST  | GET /api/tenant/meters | Body: 
2026-08-13 22:09:02 | INFO | GET /api/tenant/meters | Status 200 | 11ms
2026-08-13 22:09:03 | INFO | REQUEST  | POST /api/meter-tariffs | Body: {"meter_type": "electricity", "unit_price": 8.0, "effective_from": "2026-04-01T00:00:00"}
2026-08-13 22:09:03 | INFO | POST /api/meter-tariffs | Status 201 | 33ms
2026-08-13 22:09:03 | INFO | REQUEST  | POST /api/meter-tariffs | Body: {"meter_type": "electricity", "unit_price": 9.5, "effective_from": "2026-07-01T00:00:00"}
2026-08-13 22:09:03 | INFO | POST /api/meter-tariffs | Status 201 | 24ms
2026-08-13 22:09:03 | INFO | REQUEST  | GET /api/meter-tariffs | Body: 
2026-08-13 22:09:03 | INFO | GET /api/meter-tariffs | Status 200 | 11ms
2026-08-13 22:09:04 | INFO | REQUEST  | POST /api/tenant/meter-readings | Body: <binary>
2026-08-13 22:09:04 | INFO | POST /api/tenant/meter-readings | Status 201 | 32ms
2026-08-13 22:09:04 | INFO | REQUEST  | POST /api/meter-readings/1/approve | Body: {"admin_verified_reading": 12732}
2026-08-13 22:09:04 | INFO | POST /api/meter-readings/1/approve | Status 200 | 29ms
2026-08-13 22:09:04 | INFO | REQUEST  | DELETE /api/meter-tariffs/1 | Body: 
2026-08-13 22:09:04 | ERROR | Database error – rolling back transaction: 400: This rate has already been used to bill a reading and cannot be deleted. Add a newer rate instead.
2026-08-13 22:09:04 | INFO | DELETE /api/meter-tariffs/1 | Status 400 | 16ms
2026-08-13 22:09:05 | INFO | REQUEST  | GET /api/settings | Body: 
2026-08-13 22:09:05 | INFO | GET /api/settings | Status 200 | 14ms
2026-08-13 22:09:05 | INFO | REQUEST  | PUT /api/settings | Body: {"values": {"app.name": "Gund Properties"}}
2026-08-13 22:09:05 | INFO | PUT /api/settings | Status 200 | 23ms
2026-08-13 22:09:05 | INFO | REQUEST  | GET /api/settings/public | Body: 
2026-08-13 22:09:05 | INFO | GET /api/settings/public | Status 200 | 5ms
2026-08-13 22:09:06 | INFO | REQUEST  | PUT /api/settings | Body: {"values": {"app.name": "Valid Name", "meter.photo_max_mb": 999}}
2026-08-13 22:09:06 | ERROR | Database error – rolling back transaction: 400: Max photo size must be between 1 and 50 MB
2026-08-13 22:09:06 | INFO | PUT /api/settings | Status 400 | 19ms
2026-08-13 22:09:06 | INFO | REQUEST  | GET /api/settings/public | Body: 
2026-08-13 22:09:06 | INFO | GET /api/settings/public | Status 200 | 4ms
2026-08-13 22:09:07 | INFO | REQUEST  | PUT /api/settings | Body: {"values": {"totally.made.up": "x"}}
2026-08-13 22:09:07 | ERROR | Database error – rolling back transaction: 400: Unknown setting key(s): totally.made.up
2026-08-13 22:09:07 | INFO | PUT /api/settings | Status 400 | 20ms
2026-08-13 22:09:08 | INFO | REQUEST  | PUT /api/settings | Body: {"values": {"app.name": "Temp"}}
2026-08-13 22:09:08 | INFO | PUT /api/settings | Status 200 | 28ms
2026-08-13 22:09:08 | INFO | REQUEST  | POST /api/settings/reset | Body: 
2026-08-13 22:09:08 | INFO | POST /api/settings/reset | Status 200 | 31ms
2026-08-13 22:09:08 | INFO | REQUEST  | GET /api/settings/public | Body: 
2026-08-13 22:09:08 | INFO | GET /api/settings/public | Status 200 | 8ms
2026-08-13 22:09:09 | INFO | REQUEST  | GET /api/settings | Body: 
2026-08-13 22:09:09 | ERROR | Database error – rolling back transaction: 403: Admin access required
2026-08-13 22:09:09 | INFO | GET /api/settings | Status 403 | 18ms
2026-08-13 22:09:09 | INFO | REQUEST  | PUT /api/settings | Body: {"values": {"app.name": "Hacked"}}
2026-08-13 22:09:09 | ERROR | Database error – rolling back transaction: 403: Admin access required
2026-08-13 22:09:09 | INFO | PUT /api/settings | Status 403 | 11ms
2026-08-13 22:09:09 | INFO | REQUEST  | GET /api/settings/public | Body: 
2026-08-13 22:09:09 | INFO | GET /api/settings/public | Status 200 | 10ms
2026-08-13 22:09:37 | INFO | REQUEST  | POST /api/tenant/meter-readings | Body: <binary>
2026-08-13 22:09:37 | INFO | POST /api/tenant/meter-readings | Status 201 | 34ms
2026-08-13 22:09:38 | INFO | REQUEST  | POST /api/tenant/meter-readings | Body: <binary>
2026-08-13 22:09:38 | INFO | POST /api/tenant/meter-readings | Status 201 | 23ms
2026-08-13 22:09:39 | INFO | REQUEST  | POST /api/tenant/meter-readings | Body: <binary>
2026-08-13 22:09:39 | ERROR | Database error – rolling back transaction: 400: The reading you entered (12000.0) is lower than the last approved reading (12450.00). Please check the meter and try again.
2026-08-13 22:09:39 | INFO | POST /api/tenant/meter-readings | Status 400 | 21ms
2026-08-13 22:09:40 | INFO | REQUEST  | POST /api/tenant/meter-readings | Body: <binary>
2026-08-13 22:09:40 | ERROR | Database error – rolling back transaction: 400: That file does not look like a photo. Please upload a JPG, PNG or WebP image.
2026-08-13 22:09:40 | INFO | POST /api/tenant/meter-readings | Status 400 | 29ms
2026-08-13 22:09:40 | INFO | REQUEST  | POST /api/tenant/meter-readings | Body: <binary>
2026-08-13 22:09:40 | ERROR | Database error – rolling back transaction: 400: The photo appears to be corrupted or incomplete.
2026-08-13 22:09:40 | INFO | POST /api/tenant/meter-readings | Status 400 | 36ms
2026-08-13 22:09:41 | INFO | REQUEST  | POST /api/tenant/meter-readings | Body: <binary>
2026-08-13 22:09:41 | INFO | POST /api/tenant/meter-readings | Status 201 | 45ms
2026-08-13 22:09:42 | INFO | REQUEST  | POST /api/tenant/meter-readings | Body: <binary>
2026-08-13 22:09:42 | ERROR | Database error – rolling back transaction: 400: Photo is 2.0 MB, which is over the 1 MB limit. Please take the photo at a lower resolution or compress it.
2026-08-13 22:09:42 | INFO | POST /api/tenant/meter-readings | Status 400 | 36ms
2026-08-13 22:09:43 | INFO | REQUEST  | POST /api/tenant/meter-readings | Body: meter_id=1&customer_reading=12732
2026-08-13 22:09:43 | ERROR | Database error – rolling back transaction: 400: A photo of the meter is required.
2026-08-13 22:09:43 | INFO | POST /api/tenant/meter-readings | Status 400 | 28ms
2026-08-13 22:09:44 | INFO | REQUEST  | POST /api/tenant/meter-readings | Body: <binary>
2026-08-13 22:09:44 | INFO | POST /api/tenant/meter-readings | Status 201 | 54ms
2026-08-13 22:09:44 | INFO | REQUEST  | POST /api/tenant/meter-readings | Body: <binary>
2026-08-13 22:09:44 | ERROR | Database error – rolling back transaction: 409: A reading for this meter is already waiting for admin review. Please wait for it to be checked before sending another.
2026-08-13 22:09:44 | INFO | POST /api/tenant/meter-readings | Status 409 | 56ms
2026-08-13 22:09:46 | INFO | REQUEST  | POST /api/tenant/meter-readings | Body: <binary>
2026-08-13 22:09:46 | ERROR | Database error – rolling back transaction: 403: This meter is not on one of your shops.
2026-08-13 22:09:46 | INFO | POST /api/tenant/meter-readings | Status 403 | 61ms
2026-08-13 22:09:47 | INFO | REQUEST  | POST /api/tenant/meter-readings | Body: <binary>
2026-08-13 22:09:47 | INFO | POST /api/tenant/meter-readings | Status 201 | 39ms
2026-08-13 22:09:47 | INFO | REQUEST  | GET /api/tenant/meter-readings/1 | Body: 
2026-08-13 22:09:47 | INFO | GET /api/tenant/meter-readings/1 | Status 200 | 12ms
2026-08-13 22:09:47 | INFO | REQUEST  | GET /api/tenant/meter-readings/1 | Body: 
2026-08-13 22:09:47 | ERROR | Database error – rolling back transaction: 404: Reading not found
2026-08-13 22:09:47 | INFO | GET /api/tenant/meter-readings/1 | Status 404 | 40ms
2026-08-13 22:09:48 | INFO | REQUEST  | POST /api/tenant/meter-readings | Body: <binary>
2026-08-13 22:09:48 | INFO | POST /api/tenant/meter-readings | Status 201 | 33ms
2026-08-13 22:09:48 | INFO | REQUEST  | GET /api/meter-readings/1/photo | Body: 
2026-08-13 22:09:48 | INFO | GET /api/meter-readings/1/photo | Status 200 | 7ms
2026-08-13 22:09:48 | INFO | REQUEST  | GET /api/meter-readings/1/photo | Body: 
2026-08-13 22:09:48 | ERROR | Database error – rolling back transaction: 404: Reading not found
2026-08-13 22:09:48 | INFO | GET /api/meter-readings/1/photo | Status 404 | 18ms
2026-08-13 22:09:50 | INFO | REQUEST  | POST /api/tenant/meter-readings | Body: <binary>
2026-08-13 22:09:50 | INFO | POST /api/tenant/meter-readings | Status 201 | 26ms
2026-08-13 22:09:50 | INFO | REQUEST  | GET /api/meter-readings/1/photo | Body: 
2026-08-13 22:09:50 | INFO | GET /api/meter-readings/1/photo | Status 200 | 14ms
2026-08-13 22:09:51 | INFO | REQUEST  | POST /api/tenant/meter-readings | Body: <binary>
2026-08-13 22:09:51 | INFO | POST /api/tenant/meter-readings | Status 201 | 29ms
2026-08-13 22:09:51 | INFO | REQUEST  | POST /api/meter-readings/1/approve | Body: {"admin_verified_reading": 12732}
2026-08-13 22:09:51 | ERROR | Database error – rolling back transaction: 403: Admin access required
2026-08-13 22:09:51 | INFO | POST /api/meter-readings/1/approve | Status 403 | 19ms
2026-08-13 22:09:51 | INFO | REQUEST  | GET /api/meter-readings | Body: 
2026-08-13 22:09:51 | ERROR | Database error – rolling back transaction: 403: Admin access required
2026-08-13 22:09:51 | INFO | GET /api/meter-readings | Status 403 | 17ms
2026-08-13 22:09:52 | INFO | REQUEST  | GET /api/meters | Body: 
2026-08-13 22:09:52 | ERROR | Database error – rolling back transaction: 403: Admin access required
2026-08-13 22:09:52 | INFO | GET /api/meters | Status 403 | 17ms
2026-08-13 22:09:52 | INFO | REQUEST  | POST /api/meters | Body: {"shop_id": 1, "meter_number": "X"}
2026-08-13 22:09:52 | ERROR | Database error – rolling back transaction: 403: Admin access required
2026-08-13 22:09:52 | INFO | POST /api/meters | Status 403 | 19ms
2026-08-13 22:09:52 | INFO | REQUEST  | GET /api/meter-tariffs | Body: 
2026-08-13 22:09:52 | ERROR | Database error – rolling back transaction: 403: Admin access required
2026-08-13 22:09:52 | INFO | GET /api/meter-tariffs | Status 403 | 11ms
2026-08-13 22:09:53 | INFO | REQUEST  | GET /api/meter-readings | Body: 
2026-08-13 22:09:53 | ERROR | Database error – rolling back transaction: 403: Not authenticated
2026-08-13 22:09:53 | INFO | GET /api/meter-readings | Status 403 | 17ms
2026-08-13 22:09:53 | INFO | REQUEST  | GET /api/tenant/meters | Body: 
2026-08-13 22:09:53 | ERROR | Database error – rolling back transaction: 403: Not authenticated
2026-08-13 22:09:53 | INFO | GET /api/tenant/meters | Status 403 | 11ms
2026-08-13 22:09:55 | INFO | REQUEST  | POST /api/tenant/meter-readings | Body: <binary>
2026-08-13 22:09:55 | INFO | POST /api/tenant/meter-readings | Status 201 | 42ms
2026-08-13 22:09:55 | INFO | REQUEST  | GET /api/meter-readings/1 | Body: 
2026-08-13 22:09:55 | INFO | GET /api/meter-readings/1 | Status 200 | 21ms
2026-08-13 22:09:57 | INFO | REQUEST  | POST /api/tenant/meter-readings | Body: <binary>
2026-08-13 22:09:57 | INFO | POST /api/tenant/meter-readings | Status 201 | 49ms
2026-08-13 22:09:57 | INFO | REQUEST  | POST /api/meter-readings/1/preview | Body: {"admin_verified_reading": 12730}
2026-08-13 22:09:57 | INFO | POST /api/meter-readings/1/preview | Status 200 | 22ms
2026-08-13 22:10:00 | INFO | REQUEST  | POST /api/tenant/meter-readings | Body: <binary>
2026-08-13 22:10:00 | INFO | POST /api/tenant/meter-readings | Status 201 | 431ms
2026-08-13 22:10:00 | INFO | REQUEST  | POST /api/meter-readings/1/preview | Body: {"admin_verified_reading": 12000}
2026-08-13 22:10:00 | INFO | POST /api/meter-readings/1/preview | Status 200 | 85ms
2026-08-13 22:10:04 | INFO | REQUEST  | POST /api/tenant/meter-readings | Body: <binary>
2026-08-13 22:10:04 | INFO | POST /api/tenant/meter-readings | Status 201 | 156ms
2026-08-13 22:10:04 | INFO | REQUEST  | POST /api/meter-readings/1/preview | Body: {"admin_verified_reading": 12732}
2026-08-13 22:10:04 | INFO | POST /api/meter-readings/1/preview | Status 200 | 156ms
2026-08-13 22:10:15 | INFO | REQUEST  | POST /api/tenant/meter-readings | Body: <binary>
2026-08-13 22:10:15 | INFO | POST /api/tenant/meter-readings | Status 201 | 168ms
2026-08-13 22:10:15 | INFO | REQUEST  | POST /api/meter-readings/1/preview | Body: {"admin_verified_reading": 12450}
2026-08-13 22:10:15 | INFO | POST /api/meter-readings/1/preview | Status 200 | 69ms
2026-08-13 22:10:18 | INFO | REQUEST  | POST /api/tenant/meter-readings | Body: <binary>
2026-08-13 22:10:18 | INFO | POST /api/tenant/meter-readings | Status 201 | 228ms
2026-08-13 22:10:18 | INFO | REQUEST  | POST /api/meter-readings/1/preview | Body: {"admin_verified_reading": 19450}
2026-08-13 22:10:18 | INFO | POST /api/meter-readings/1/preview | Status 200 | 87ms
2026-08-13 22:10:23 | INFO | REQUEST  | POST /api/tenant/meter-readings | Body: <binary>
2026-08-13 22:10:23 | INFO | POST /api/tenant/meter-readings | Status 201 | 255ms
2026-08-13 22:10:23 | INFO | REQUEST  | PATCH /api/meter-readings/1/verify | Body: {"admin_verified_reading": 12730}
2026-08-13 22:10:23 | INFO | PATCH /api/meter-readings/1/verify | Status 200 | 113ms
2026-08-13 22:10:29 | INFO | REQUEST  | POST /api/tenant/meter-readings | Body: <binary>
2026-08-13 22:10:29 | INFO | POST /api/tenant/meter-readings | Status 201 | 175ms
2026-08-13 22:10:29 | INFO | REQUEST  | POST /api/meter-readings/1/approve | Body: {"admin_verified_reading": 12732}
2026-08-13 22:10:30 | INFO | POST /api/meter-readings/1/approve | Status 200 | 186ms
2026-08-13 22:10:36 | INFO | REQUEST  | POST /api/tenant/meter-readings | Body: <binary>
2026-08-13 22:10:36 | INFO | POST /api/tenant/meter-readings | Status 201 | 127ms
2026-08-13 22:10:36 | INFO | REQUEST  | POST /api/meter-readings/1/approve | Body: {"admin_verified_reading": 12730, "override_reason": "Photo clearly shows 12730."}
2026-08-13 22:10:36 | INFO | POST /api/meter-readings/1/approve | Status 200 | 118ms
2026-08-13 22:10:40 | INFO | REQUEST  | POST /api/tenant/meter-readings | Body: <binary>
2026-08-13 22:10:40 | INFO | POST /api/tenant/meter-readings | Status 201 | 143ms
2026-08-13 22:10:40 | INFO | REQUEST  | POST /api/meter-readings/1/approve | Body: {"admin_verified_reading": 12730}
2026-08-13 22:10:41 | ERROR | Database error – rolling back transaction: 400: Your reading differs from the tenant's submitted reading. Please give a short reason before approving.
2026-08-13 22:10:41 | INFO | POST /api/meter-readings/1/approve | Status 400 | 176ms
2026-08-13 22:10:48 | INFO | REQUEST  | POST /api/tenant/meter-readings | Body: <binary>
2026-08-13 22:10:50 | INFO | POST /api/tenant/meter-readings | Status 201 | 1288ms
2026-08-13 22:10:50 | INFO | REQUEST  | POST /api/meter-readings/1/approve | Body: {"admin_verified_reading": 12732}
2026-08-13 22:10:50 | INFO | POST /api/meter-readings/1/approve | Status 200 | 250ms
2026-08-13 22:10:50 | INFO | REQUEST  | POST /api/meter-readings/1/approve | Body: {"admin_verified_reading": 12732}
2026-08-13 22:10:51 | ERROR | Database error – rolling back transaction: 409: This reading has already been approved and billed.
2026-08-13 22:10:51 | INFO | POST /api/meter-readings/1/approve | Status 409 | 712ms
2026-08-13 22:10:57 | INFO | REQUEST  | POST /api/tenant/meter-readings | Body: <binary>
2026-08-13 22:10:58 | INFO | POST /api/tenant/meter-readings | Status 201 | 129ms
2026-08-13 22:10:58 | INFO | REQUEST  | POST /api/meter-readings/1/approve | Body: {"admin_verified_reading": 12000, "override_reason": "typo test"}
2026-08-13 22:10:58 | ERROR | Database error – rolling back transaction: 400: Current reading (12000.00) is lower than the last approved reading (12450.00). Check the photo - if the meter was replaced or has rolled over, reject this reading and register a new meter instead.
2026-08-13 22:10:58 | INFO | POST /api/meter-readings/1/approve | Status 400 | 86ms
2026-08-13 22:11:01 | INFO | REQUEST  | POST /api/tenant/meter-readings | Body: <binary>
2026-08-13 22:11:01 | INFO | POST /api/tenant/meter-readings | Status 201 | 504ms
2026-08-13 22:11:02 | INFO | REQUEST  | POST /api/meter-readings/1/approve | Body: {"admin_verified_reading": 12732}
2026-08-13 22:11:02 | ERROR | Database error – rolling back transaction: 400: No unit price has been set for electricity on or before 13 Aug 2026. Add a tariff before approving this reading.
2026-08-13 22:11:02 | INFO | POST /api/meter-readings/1/approve | Status 400 | 502ms
2026-08-13 22:11:07 | INFO | REQUEST  | POST /api/tenant/meter-readings | Body: <binary>
2026-08-13 22:11:07 | INFO | POST /api/tenant/meter-readings | Status 201 | 353ms
2026-08-13 22:11:07 | INFO | REQUEST  | POST /api/meter-readings/1/approve | Body: {"admin_verified_reading": 12732}
2026-08-13 22:11:08 | INFO | POST /api/meter-readings/1/approve | Status 200 | 427ms
2026-08-13 22:11:13 | INFO | REQUEST  | POST /api/tenant/meter-readings | Body: <binary>
2026-08-13 22:11:13 | INFO | POST /api/tenant/meter-readings | Status 201 | 110ms
2026-08-13 22:11:13 | INFO | REQUEST  | POST /api/meter-readings/1/approve | Body: {"admin_verified_reading": 12732}
2026-08-13 22:11:14 | INFO | POST /api/meter-readings/1/approve | Status 200 | 151ms
2026-08-13 22:11:14 | INFO | REQUEST  | POST /api/tenant/meter-readings | Body: <binary>
2026-08-13 22:11:14 | INFO | POST /api/tenant/meter-readings | Status 201 | 260ms
2026-08-13 22:11:14 | INFO | REQUEST  | POST /api/meter-readings/2/approve | Body: {"admin_verified_reading": 13000}
2026-08-13 22:11:14 | INFO | POST /api/meter-readings/2/approve | Status 200 | 354ms
2026-08-13 22:11:20 | INFO | REQUEST  | POST /api/tenant/meter-readings | Body: <binary>
2026-08-13 22:11:20 | INFO | POST /api/tenant/meter-readings | Status 201 | 87ms
2026-08-13 22:11:20 | INFO | REQUEST  | POST /api/meter-readings/1/approve | Body: {"admin_verified_reading": 12732}
2026-08-13 22:11:20 | INFO | Reading 1 approved without a bill (auto_create_bill is off).
2026-08-13 22:11:20 | INFO | POST /api/meter-readings/1/approve | Status 200 | 74ms
2026-08-13 22:11:25 | INFO | REQUEST  | POST /api/tenant/meter-readings | Body: <binary>
2026-08-13 22:11:25 | INFO | POST /api/tenant/meter-readings | Status 201 | 81ms
2026-08-13 22:11:25 | INFO | REQUEST  | POST /api/meter-readings/1/reject | Body: {"reason": "Photo is too blurry to read."}
2026-08-13 22:11:26 | INFO | POST /api/meter-readings/1/reject | Status 200 | 124ms
2026-08-13 22:12:00 | INFO | REQUEST  | POST /api/tenant/meter-readings | Body: <binary>
2026-08-13 22:12:00 | INFO | POST /api/tenant/meter-readings | Status 201 | 56ms
2026-08-13 22:12:01 | INFO | REQUEST  | POST /api/tenant/meter-readings | Body: <binary>
2026-08-13 22:12:02 | INFO | POST /api/tenant/meter-readings | Status 201 | 131ms
2026-08-13 22:12:03 | INFO | REQUEST  | POST /api/tenant/meter-readings | Body: <binary>
2026-08-13 22:12:03 | ERROR | Database error – rolling back transaction: 400: The reading you entered (12000.0) is lower than the last approved reading (12450.00). Please check the meter and try again.
2026-08-13 22:12:03 | INFO | POST /api/tenant/meter-readings | Status 400 | 111ms
2026-08-13 22:12:04 | INFO | REQUEST  | POST /api/tenant/meter-readings | Body: <binary>
2026-08-13 22:12:04 | ERROR | Database error – rolling back transaction: 400: That file does not look like a photo. Please upload a JPG, PNG or WebP image.
2026-08-13 22:12:04 | INFO | POST /api/tenant/meter-readings | Status 400 | 58ms
2026-08-13 22:12:06 | INFO | REQUEST  | POST /api/tenant/meter-readings | Body: <binary>
2026-08-13 22:12:06 | ERROR | Database error – rolling back transaction: 400: The photo appears to be corrupted or incomplete.
2026-08-13 22:12:06 | INFO | POST /api/tenant/meter-readings | Status 400 | 93ms
2026-08-13 22:12:07 | INFO | REQUEST  | POST /api/tenant/meter-readings | Body: <binary>
2026-08-13 22:12:07 | INFO | POST /api/tenant/meter-readings | Status 201 | 57ms
2026-08-13 22:12:08 | INFO | REQUEST  | POST /api/tenant/meter-readings | Body: <binary>
2026-08-13 22:12:08 | ERROR | Database error – rolling back transaction: 400: Photo is 2.0 MB, which is over the 1 MB limit. Please take the photo at a lower resolution or compress it.
2026-08-13 22:12:08 | INFO | POST /api/tenant/meter-readings | Status 400 | 101ms
2026-08-13 22:12:09 | INFO | REQUEST  | POST /api/tenant/meter-readings | Body: meter_id=1&customer_reading=12732
2026-08-13 22:12:09 | ERROR | Database error – rolling back transaction: 400: A photo of the meter is required.
2026-08-13 22:12:09 | INFO | POST /api/tenant/meter-readings | Status 400 | 48ms
2026-08-13 22:12:11 | INFO | REQUEST  | POST /api/tenant/meter-readings | Body: <binary>
2026-08-13 22:12:11 | INFO | POST /api/tenant/meter-readings | Status 201 | 73ms
2026-08-13 22:12:11 | INFO | REQUEST  | POST /api/tenant/meter-readings | Body: <binary>
2026-08-13 22:12:11 | ERROR | Database error – rolling back transaction: 409: A reading for this meter is already waiting for admin review. Please wait for it to be checked before sending another.
2026-08-13 22:12:11 | INFO | POST /api/tenant/meter-readings | Status 409 | 32ms
2026-08-13 22:12:12 | INFO | REQUEST  | POST /api/tenant/meter-readings | Body: <binary>
2026-08-13 22:12:12 | ERROR | Database error – rolling back transaction: 403: This meter is not on one of your shops.
2026-08-13 22:12:13 | INFO | POST /api/tenant/meter-readings | Status 403 | 89ms
2026-08-13 22:12:14 | INFO | REQUEST  | POST /api/tenant/meter-readings | Body: <binary>
2026-08-13 22:12:14 | INFO | POST /api/tenant/meter-readings | Status 201 | 75ms
2026-08-13 22:12:14 | INFO | REQUEST  | GET /api/tenant/meter-readings/1 | Body: 
2026-08-13 22:12:14 | INFO | GET /api/tenant/meter-readings/1 | Status 200 | 39ms
2026-08-13 22:12:14 | INFO | REQUEST  | GET /api/tenant/meter-readings/1 | Body: 
2026-08-13 22:12:14 | ERROR | Database error – rolling back transaction: 404: Reading not found
2026-08-13 22:12:14 | INFO | GET /api/tenant/meter-readings/1 | Status 404 | 16ms
2026-08-13 22:12:16 | INFO | REQUEST  | POST /api/tenant/meter-readings | Body: <binary>
2026-08-13 22:12:16 | INFO | POST /api/tenant/meter-readings | Status 201 | 35ms
2026-08-13 22:12:16 | INFO | REQUEST  | GET /api/meter-readings/1/photo | Body: 
2026-08-13 22:12:16 | INFO | GET /api/meter-readings/1/photo | Status 200 | 12ms
2026-08-13 22:12:16 | INFO | REQUEST  | GET /api/meter-readings/1/photo | Body: 
2026-08-13 22:12:16 | ERROR | Database error – rolling back transaction: 404: Reading not found
2026-08-13 22:12:16 | INFO | GET /api/meter-readings/1/photo | Status 404 | 15ms
2026-08-13 22:12:17 | INFO | REQUEST  | POST /api/tenant/meter-readings | Body: <binary>
2026-08-13 22:12:17 | INFO | POST /api/tenant/meter-readings | Status 201 | 80ms
2026-08-13 22:12:17 | INFO | REQUEST  | GET /api/meter-readings/1/photo | Body: 
2026-08-13 22:12:17 | INFO | GET /api/meter-readings/1/photo | Status 200 | 27ms
2026-08-13 22:12:18 | INFO | REQUEST  | POST /api/tenant/meter-readings | Body: <binary>
2026-08-13 22:12:18 | INFO | POST /api/tenant/meter-readings | Status 201 | 102ms
2026-08-13 22:12:19 | INFO | REQUEST  | POST /api/meter-readings/1/approve | Body: {"admin_verified_reading": 12732}
2026-08-13 22:12:19 | ERROR | Database error – rolling back transaction: 403: Admin access required
2026-08-13 22:12:19 | INFO | POST /api/meter-readings/1/approve | Status 403 | 70ms
2026-08-13 22:12:20 | INFO | REQUEST  | GET /api/meter-readings | Body: 
2026-08-13 22:12:20 | ERROR | Database error – rolling back transaction: 403: Admin access required
2026-08-13 22:12:20 | INFO | GET /api/meter-readings | Status 403 | 15ms
2026-08-13 22:12:21 | INFO | REQUEST  | GET /api/meters | Body: 
2026-08-13 22:12:21 | ERROR | Database error – rolling back transaction: 403: Admin access required
2026-08-13 22:12:21 | INFO | GET /api/meters | Status 403 | 70ms
2026-08-13 22:12:21 | INFO | REQUEST  | POST /api/meters | Body: {"shop_id": 1, "meter_number": "X"}
2026-08-13 22:12:21 | ERROR | Database error – rolling back transaction: 403: Admin access required
2026-08-13 22:12:21 | INFO | POST /api/meters | Status 403 | 58ms
2026-08-13 22:12:21 | INFO | REQUEST  | GET /api/meter-tariffs | Body: 
2026-08-13 22:12:21 | ERROR | Database error – rolling back transaction: 403: Admin access required
2026-08-13 22:12:21 | INFO | GET /api/meter-tariffs | Status 403 | 228ms
2026-08-13 22:12:23 | INFO | REQUEST  | GET /api/meter-readings | Body: 
2026-08-13 22:12:23 | ERROR | Database error – rolling back transaction: 403: Not authenticated
2026-08-13 22:12:23 | INFO | GET /api/meter-readings | Status 403 | 13ms
2026-08-13 22:12:23 | INFO | REQUEST  | GET /api/tenant/meters | Body: 
2026-08-13 22:12:23 | ERROR | Database error – rolling back transaction: 403: Not authenticated
2026-08-13 22:12:23 | INFO | GET /api/tenant/meters | Status 403 | 10ms
2026-08-13 22:12:24 | INFO | REQUEST  | POST /api/tenant/meter-readings | Body: <binary>
2026-08-13 22:12:24 | INFO | POST /api/tenant/meter-readings | Status 201 | 81ms
2026-08-13 22:12:24 | INFO | REQUEST  | GET /api/meter-readings/1 | Body: 
2026-08-13 22:12:24 | INFO | GET /api/meter-readings/1 | Status 200 | 57ms
2026-08-13 22:12:25 | INFO | REQUEST  | POST /api/tenant/meter-readings | Body: <binary>
2026-08-13 22:12:25 | INFO | POST /api/tenant/meter-readings | Status 201 | 50ms
2026-08-13 22:12:25 | INFO | REQUEST  | POST /api/meter-readings/1/preview | Body: {"admin_verified_reading": 12730}
2026-08-13 22:12:25 | INFO | POST /api/meter-readings/1/preview | Status 200 | 40ms
2026-08-13 22:12:27 | INFO | REQUEST  | POST /api/tenant/meter-readings | Body: <binary>
2026-08-13 22:12:27 | INFO | POST /api/tenant/meter-readings | Status 201 | 70ms
2026-08-13 22:12:27 | INFO | REQUEST  | POST /api/meter-readings/1/preview | Body: {"admin_verified_reading": 12000}
2026-08-13 22:12:27 | INFO | POST /api/meter-readings/1/preview | Status 200 | 32ms
2026-08-13 22:12:29 | INFO | REQUEST  | POST /api/tenant/meter-readings | Body: <binary>
2026-08-13 22:12:29 | INFO | POST /api/tenant/meter-readings | Status 201 | 57ms
2026-08-13 22:12:29 | INFO | REQUEST  | POST /api/meter-readings/1/preview | Body: {"admin_verified_reading": 12732}
2026-08-13 22:12:29 | INFO | POST /api/meter-readings/1/preview | Status 200 | 24ms
2026-08-13 22:12:30 | INFO | REQUEST  | POST /api/tenant/meter-readings | Body: <binary>
2026-08-13 22:12:30 | INFO | POST /api/tenant/meter-readings | Status 201 | 29ms
2026-08-13 22:12:30 | INFO | REQUEST  | POST /api/meter-readings/1/preview | Body: {"admin_verified_reading": 12450}
2026-08-13 22:12:30 | INFO | POST /api/meter-readings/1/preview | Status 200 | 14ms
2026-08-13 22:12:32 | INFO | REQUEST  | POST /api/tenant/meter-readings | Body: <binary>
2026-08-13 22:12:32 | INFO | POST /api/tenant/meter-readings | Status 201 | 100ms
2026-08-13 22:12:32 | INFO | REQUEST  | POST /api/meter-readings/1/preview | Body: {"admin_verified_reading": 19450}
2026-08-13 22:12:32 | INFO | POST /api/meter-readings/1/preview | Status 200 | 36ms
2026-08-13 22:12:34 | INFO | REQUEST  | POST /api/tenant/meter-readings | Body: <binary>
2026-08-13 22:12:34 | INFO | POST /api/tenant/meter-readings | Status 201 | 73ms
2026-08-13 22:12:34 | INFO | REQUEST  | PATCH /api/meter-readings/1/verify | Body: {"admin_verified_reading": 12730}
2026-08-13 22:12:34 | INFO | PATCH /api/meter-readings/1/verify | Status 200 | 52ms
2026-08-13 22:12:36 | INFO | REQUEST  | POST /api/tenant/meter-readings | Body: <binary>
2026-08-13 22:12:36 | INFO | POST /api/tenant/meter-readings | Status 201 | 56ms
2026-08-13 22:12:36 | INFO | REQUEST  | POST /api/meter-readings/1/approve | Body: {"admin_verified_reading": 12732}
2026-08-13 22:12:36 | INFO | POST /api/meter-readings/1/approve | Status 200 | 47ms
2026-08-13 22:12:37 | INFO | REQUEST  | POST /api/tenant/meter-readings | Body: <binary>
2026-08-13 22:12:38 | INFO | POST /api/tenant/meter-readings | Status 201 | 102ms
2026-08-13 22:12:38 | INFO | REQUEST  | POST /api/meter-readings/1/approve | Body: {"admin_verified_reading": 12730, "override_reason": "Photo clearly shows 12730."}
2026-08-13 22:12:38 | INFO | POST /api/meter-readings/1/approve | Status 200 | 153ms
2026-08-13 22:12:39 | INFO | REQUEST  | POST /api/tenant/meter-readings | Body: <binary>
2026-08-13 22:12:39 | INFO | POST /api/tenant/meter-readings | Status 201 | 91ms
2026-08-13 22:12:40 | INFO | REQUEST  | POST /api/meter-readings/1/approve | Body: {"admin_verified_reading": 12730}
2026-08-13 22:12:40 | ERROR | Database error – rolling back transaction: 400: Your reading differs from the tenant's submitted reading. Please give a short reason before approving.
2026-08-13 22:12:40 | INFO | POST /api/meter-readings/1/approve | Status 400 | 49ms
2026-08-13 22:12:41 | INFO | REQUEST  | POST /api/tenant/meter-readings | Body: <binary>
2026-08-13 22:12:41 | INFO | POST /api/tenant/meter-readings | Status 201 | 60ms
2026-08-13 22:12:41 | INFO | REQUEST  | POST /api/meter-readings/1/approve | Body: {"admin_verified_reading": 12732}
2026-08-13 22:12:41 | INFO | POST /api/meter-readings/1/approve | Status 200 | 88ms
2026-08-13 22:12:41 | INFO | REQUEST  | POST /api/meter-readings/1/approve | Body: {"admin_verified_reading": 12732}
2026-08-13 22:12:41 | ERROR | Database error – rolling back transaction: 409: This reading has already been approved and billed.
2026-08-13 22:12:41 | INFO | POST /api/meter-readings/1/approve | Status 409 | 29ms
2026-08-13 22:12:43 | INFO | REQUEST  | POST /api/tenant/meter-readings | Body: <binary>
2026-08-13 22:12:43 | INFO | POST /api/tenant/meter-readings | Status 201 | 51ms
2026-08-13 22:12:43 | INFO | REQUEST  | POST /api/meter-readings/1/approve | Body: {"admin_verified_reading": 12000, "override_reason": "typo test"}
2026-08-13 22:12:43 | ERROR | Database error – rolling back transaction: 400: Current reading (12000.00) is lower than the last approved reading (12450.00). Check the photo - if the meter was replaced or has rolled over, reject this reading and register a new meter instead.
2026-08-13 22:12:43 | INFO | POST /api/meter-readings/1/approve | Status 400 | 55ms
2026-08-13 22:12:45 | INFO | REQUEST  | POST /api/tenant/meter-readings | Body: <binary>
2026-08-13 22:12:45 | INFO | POST /api/tenant/meter-readings | Status 201 | 50ms
2026-08-13 22:12:45 | INFO | REQUEST  | POST /api/meter-readings/1/approve | Body: {"admin_verified_reading": 12732}
2026-08-13 22:12:45 | ERROR | Database error – rolling back transaction: 400: No unit price has been set for electricity on or before 13 Aug 2026. Add a tariff before approving this reading.
2026-08-13 22:12:45 | INFO | POST /api/meter-readings/1/approve | Status 400 | 28ms
2026-08-13 22:12:46 | INFO | REQUEST  | POST /api/tenant/meter-readings | Body: <binary>
2026-08-13 22:12:46 | INFO | POST /api/tenant/meter-readings | Status 201 | 63ms
2026-08-13 22:12:46 | INFO | REQUEST  | POST /api/meter-readings/1/approve | Body: {"admin_verified_reading": 12732}
2026-08-13 22:12:46 | INFO | POST /api/meter-readings/1/approve | Status 200 | 65ms
2026-08-13 22:12:48 | INFO | REQUEST  | POST /api/tenant/meter-readings | Body: <binary>
2026-08-13 22:12:48 | INFO | POST /api/tenant/meter-readings | Status 201 | 98ms
2026-08-13 22:12:48 | INFO | REQUEST  | POST /api/meter-readings/1/approve | Body: {"admin_verified_reading": 12732}
2026-08-13 22:12:48 | INFO | POST /api/meter-readings/1/approve | Status 200 | 97ms
2026-08-13 22:12:48 | INFO | REQUEST  | POST /api/tenant/meter-readings | Body: <binary>
2026-08-13 22:12:48 | INFO | POST /api/tenant/meter-readings | Status 201 | 78ms
2026-08-13 22:12:48 | INFO | REQUEST  | POST /api/meter-readings/2/approve | Body: {"admin_verified_reading": 13000}
2026-08-13 22:12:48 | INFO | POST /api/meter-readings/2/approve | Status 200 | 69ms
2026-08-13 22:12:52 | INFO | REQUEST  | POST /api/tenant/meter-readings | Body: <binary>
2026-08-13 22:12:52 | INFO | POST /api/tenant/meter-readings | Status 201 | 54ms
2026-08-13 22:12:52 | INFO | REQUEST  | POST /api/meter-readings/1/approve | Body: {"admin_verified_reading": 12732}
2026-08-13 22:12:52 | INFO | Reading 1 approved without a bill (auto_create_bill is off).
2026-08-13 22:12:52 | INFO | POST /api/meter-readings/1/approve | Status 200 | 50ms
2026-08-13 22:12:54 | INFO | REQUEST  | POST /api/tenant/meter-readings | Body: <binary>
2026-08-13 22:12:54 | INFO | POST /api/tenant/meter-readings | Status 201 | 60ms
2026-08-13 22:12:54 | INFO | REQUEST  | POST /api/meter-readings/1/reject | Body: {"reason": "Photo is too blurry to read."}
2026-08-13 22:12:54 | INFO | POST /api/meter-readings/1/reject | Status 200 | 57ms
2026-08-13 22:12:56 | INFO | REQUEST  | POST /api/tenant/meter-readings | Body: <binary>
2026-08-13 22:12:56 | INFO | POST /api/tenant/meter-readings | Status 201 | 24ms
2026-08-13 22:12:56 | INFO | REQUEST  | POST /api/meter-readings/1/reject | Body: {"reason": "Wrong meter photographed."}
2026-08-13 22:12:56 | INFO | POST /api/meter-readings/1/reject | Status 200 | 18ms
2026-08-13 22:12:56 | INFO | REQUEST  | GET /api/tenant/meter-readings/1 | Body: 
2026-08-13 22:12:56 | INFO | GET /api/tenant/meter-readings/1 | Status 200 | 9ms
2026-08-13 22:12:57 | INFO | REQUEST  | POST /api/tenant/meter-readings | Body: <binary>
2026-08-13 22:12:57 | INFO | POST /api/tenant/meter-readings | Status 201 | 60ms
2026-08-13 22:12:57 | INFO | REQUEST  | POST /api/meter-readings/1/reject | Body: {"reason": "Blurry"}
2026-08-13 22:12:57 | INFO | POST /api/meter-readings/1/reject | Status 200 | 41ms
2026-08-13 22:12:57 | INFO | REQUEST  | POST /api/tenant/meter-readings | Body: <binary>
2026-08-13 22:12:57 | INFO | POST /api/tenant/meter-readings | Status 201 | 129ms
2026-08-13 22:12:59 | INFO | REQUEST  | POST /api/tenant/meter-readings | Body: <binary>
2026-08-13 22:12:59 | INFO | POST /api/tenant/meter-readings | Status 201 | 51ms
2026-08-13 22:12:59 | INFO | REQUEST  | POST /api/meter-readings/1/approve | Body: {"admin_verified_reading": 12732}
2026-08-13 22:12:59 | INFO | POST /api/meter-readings/1/approve | Status 200 | 59ms
2026-08-13 22:12:59 | INFO | REQUEST  | POST /api/meter-readings/1/reject | Body: {"reason": "changed my mind"}
2026-08-13 22:12:59 | ERROR | Database error – rolling back transaction: 409: This reading has already been approved and billed. Use a bill adjustment instead of rejecting it.
2026-08-13 22:12:59 | INFO | POST /api/meter-readings/1/reject | Status 409 | 48ms
2026-08-13 22:13:01 | INFO | REQUEST  | POST /api/tenant/meter-readings | Body: <binary>
2026-08-13 22:13:01 | INFO | POST /api/tenant/meter-readings | Status 201 | 83ms
2026-08-13 22:13:01 | INFO | REQUEST  | POST /api/meter-readings/1/reject | Body: {"reason": "Blurry"}
2026-08-13 22:13:01 | INFO | POST /api/meter-readings/1/reject | Status 200 | 52ms
2026-08-13 22:13:01 | INFO | REQUEST  | POST /api/meter-readings/1/approve | Body: {"admin_verified_reading": 12732}
2026-08-13 22:13:01 | ERROR | Database error – rolling back transaction: 409: This reading was rejected. Ask the tenant to submit a new photo.
2026-08-13 22:13:01 | INFO | POST /api/meter-readings/1/approve | Status 409 | 41ms
2026-08-13 22:13:03 | INFO | REQUEST  | POST /api/tenant/meter-readings | Body: <binary>
2026-08-13 22:13:03 | INFO | POST /api/tenant/meter-readings | Status 201 | 39ms
2026-08-13 22:13:03 | INFO | REQUEST  | POST /api/meter-readings/1/approve | Body: {"admin_verified_reading": 12730, "override_reason": "Photo shows 12730"}
2026-08-13 22:13:03 | INFO | POST /api/meter-readings/1/approve | Status 200 | 38ms
2026-08-13 22:13:04 | INFO | REQUEST  | POST /api/meters | Body: {"shop_id": 1, "meter_number": "MTR-NEW", "initial_reading": 500}
2026-08-13 22:13:04 | INFO | POST /api/meters | Status 201 | 90ms
2026-08-13 22:13:04 | INFO | REQUEST  | GET /api/meters | Body: 
2026-08-13 22:13:04 | INFO | GET /api/meters | Status 200 | 52ms
2026-08-13 22:13:05 | INFO | REQUEST  | POST /api/meters | Body: {"shop_id": 1, "meter_number": "MTR-001"}
2026-08-13 22:13:05 | ERROR | Database error – rolling back transaction: 409: Meter MTR-001 already exists on this shop
2026-08-13 22:13:05 | INFO | POST /api/meters | Status 409 | 21ms
2026-08-13 22:13:07 | INFO | REQUEST  | POST /api/tenant/meter-readings | Body: <binary>
2026-08-13 22:13:07 | INFO | POST /api/tenant/meter-readings | Status 201 | 74ms
2026-08-13 22:13:07 | INFO | REQUEST  | POST /api/meter-readings/1/approve | Body: {"admin_verified_reading": 12732}
2026-08-13 22:13:07 | INFO | POST /api/meter-readings/1/approve | Status 200 | 68ms
2026-08-13 22:13:07 | INFO | REQUEST  | PUT /api/meters/1 | Body: {"initial_reading": 1}
2026-08-13 22:13:07 | ERROR | Database error – rolling back transaction: 400: Initial reading cannot be changed once this meter has approved readings.
2026-08-13 22:13:07 | INFO | PUT /api/meters/1 | Status 400 | 27ms
2026-08-13 22:13:08 | INFO | REQUEST  | POST /api/tenant/meter-readings | Body: <binary>
2026-08-13 22:13:08 | INFO | POST /api/tenant/meter-readings | Status 201 | 55ms
2026-08-13 22:13:08 | INFO | REQUEST  | POST /api/meter-readings/1/approve | Body: {"admin_verified_reading": 12732}
2026-08-13 22:13:08 | INFO | POST /api/meter-readings/1/approve | Status 200 | 49ms
2026-08-13 22:13:08 | INFO | REQUEST  | DELETE /api/meters/1 | Body: 
2026-08-13 22:13:08 | ERROR | Database error – rolling back transaction: 400: This meter has approved readings and cannot be deleted. Mark it inactive instead so its history is preserved.
2026-08-13 22:13:09 | INFO | DELETE /api/meters/1 | Status 400 | 23ms
2026-08-13 22:13:10 | INFO | REQUEST  | GET /api/tenant/meters | Body: 
2026-08-13 22:13:10 | INFO | GET /api/tenant/meters | Status 200 | 32ms
2026-08-13 22:13:10 | INFO | REQUEST  | GET /api/tenant/meters | Body: 
2026-08-13 22:13:10 | INFO | GET /api/tenant/meters | Status 200 | 7ms
2026-08-13 22:13:11 | INFO | REQUEST  | POST /api/meter-tariffs | Body: {"meter_type": "electricity", "unit_price": 8.0, "effective_from": "2026-04-01T00:00:00"}
2026-08-13 22:13:11 | INFO | POST /api/meter-tariffs | Status 201 | 66ms
2026-08-13 22:13:11 | INFO | REQUEST  | POST /api/meter-tariffs | Body: {"meter_type": "electricity", "unit_price": 9.5, "effective_from": "2026-07-01T00:00:00"}
2026-08-13 22:13:11 | INFO | POST /api/meter-tariffs | Status 201 | 40ms
2026-08-13 22:13:11 | INFO | REQUEST  | GET /api/meter-tariffs | Body: 
2026-08-13 22:13:11 | INFO | GET /api/meter-tariffs | Status 200 | 10ms
2026-08-13 22:13:12 | INFO | REQUEST  | POST /api/tenant/meter-readings | Body: <binary>
2026-08-13 22:13:12 | INFO | POST /api/tenant/meter-readings | Status 201 | 57ms
2026-08-13 22:13:12 | INFO | REQUEST  | POST /api/meter-readings/1/approve | Body: {"admin_verified_reading": 12732}
2026-08-13 22:13:12 | INFO | POST /api/meter-readings/1/approve | Status 200 | 57ms
2026-08-13 22:13:12 | INFO | REQUEST  | DELETE /api/meter-tariffs/1 | Body: 
2026-08-13 22:13:12 | ERROR | Database error – rolling back transaction: 400: This rate has already been used to bill a reading and cannot be deleted. Add a newer rate instead.
2026-08-13 22:13:12 | INFO | DELETE /api/meter-tariffs/1 | Status 400 | 20ms
2026-08-13 22:13:14 | INFO | REQUEST  | GET /api/settings | Body: 
2026-08-13 22:13:14 | INFO | GET /api/settings | Status 200 | 27ms
2026-08-13 22:13:14 | INFO | REQUEST  | PUT /api/settings | Body: {"values": {"app.name": "Gund Properties"}}
2026-08-13 22:13:14 | INFO | PUT /api/settings | Status 200 | 36ms
2026-08-13 22:13:14 | INFO | REQUEST  | GET /api/settings/public | Body: 
2026-08-13 22:13:14 | INFO | GET /api/settings/public | Status 200 | 6ms
2026-08-13 22:13:14 | INFO | REQUEST  | PUT /api/settings | Body: {"values": {"app.name": "Valid Name", "meter.photo_max_mb": 999}}
2026-08-13 22:13:14 | ERROR | Database error – rolling back transaction: 400: Max photo size must be between 1 and 50 MB
2026-08-13 22:13:14 | INFO | PUT /api/settings | Status 400 | 12ms
2026-08-13 22:13:14 | INFO | REQUEST  | GET /api/settings/public | Body: 
2026-08-13 22:13:14 | INFO | GET /api/settings/public | Status 200 | 8ms
2026-08-13 22:13:15 | INFO | REQUEST  | PUT /api/settings | Body: {"values": {"totally.made.up": "x"}}
2026-08-13 22:13:15 | ERROR | Database error – rolling back transaction: 400: Unknown setting key(s): totally.made.up
2026-08-13 22:13:16 | INFO | PUT /api/settings | Status 400 | 51ms
2026-08-13 22:13:17 | INFO | REQUEST  | PUT /api/settings | Body: {"values": {"app.name": "Temp"}}
2026-08-13 22:13:17 | INFO | PUT /api/settings | Status 200 | 21ms
2026-08-13 22:13:17 | INFO | REQUEST  | POST /api/settings/reset | Body: 
2026-08-13 22:13:17 | INFO | POST /api/settings/reset | Status 200 | 35ms
2026-08-13 22:13:17 | INFO | REQUEST  | GET /api/settings/public | Body: 
2026-08-13 22:13:17 | INFO | GET /api/settings/public | Status 200 | 30ms
2026-08-13 22:13:18 | INFO | REQUEST  | GET /api/settings | Body: 
2026-08-13 22:13:18 | ERROR | Database error – rolling back transaction: 403: Admin access required
2026-08-13 22:13:18 | INFO | GET /api/settings | Status 403 | 51ms
2026-08-13 22:13:18 | INFO | REQUEST  | PUT /api/settings | Body: {"values": {"app.name": "Hacked"}}
2026-08-13 22:13:18 | ERROR | Database error – rolling back transaction: 403: Admin access required
2026-08-13 22:13:18 | INFO | PUT /api/settings | Status 403 | 73ms
2026-08-13 22:13:19 | INFO | REQUEST  | GET /api/settings/public | Body: 
2026-08-13 22:13:19 | INFO | GET /api/settings/public | Status 200 | 5ms
2026-08-13 22:14:18 | INFO | REQUEST  | POST /api/login | Body: {"mobile": "9000000001", "password": "admin123"}
2026-08-13 22:14:18 | INFO | LOGIN | user_id=1 | mobile=9000000001 | role=admin
2026-08-13 22:14:18 | INFO | POST /api/login | Status 200 | 300ms
2026-08-13 22:14:19 | INFO | REQUEST  | POST /api/login | Body: {"mobile": "9000000001", "password": "wrong"}
2026-08-13 22:14:19 | ERROR | Database error – rolling back transaction: 401: Invalid mobile or password
2026-08-13 22:14:20 | INFO | POST /api/login | Status 401 | 318ms
2026-08-13 22:14:20 | INFO | REQUEST  | GET /api/complex | Body: 
2026-08-13 22:14:20 | ERROR | Database error – rolling back transaction: 403: Not authenticated
2026-08-13 22:14:20 | INFO | GET /api/complex | Status 403 | 47ms
2026-08-13 22:14:21 | INFO | REQUEST  | GET /api/complex | Body: 
2026-08-13 22:14:22 | ERROR | Database error – rolling back transaction: 403: Admin access required
2026-08-13 22:14:22 | INFO | GET /api/complex | Status 403 | 63ms
2026-08-13 22:14:22 | INFO | REQUEST  | GET /api/user | Body: 
2026-08-13 22:14:22 | ERROR | Database error – rolling back transaction: 403: Admin access required
2026-08-13 22:14:22 | INFO | GET /api/user | Status 403 | 17ms
2026-08-13 22:14:23 | INFO | REQUEST  | POST /api/complex | Body: {"name": "Sunrise Plaza", "address": "MG Road"}
2026-08-13 22:14:23 | INFO | POST /api/complex | Status 201 | 65ms
2026-08-13 22:14:23 | INFO | REQUEST  | GET /api/complex | Body: 
2026-08-13 22:14:23 | INFO | GET /api/complex | Status 200 | 37ms
2026-08-13 22:14:24 | INFO | REQUEST  | POST /api/shop | Body: {"shop_number": "C-303", "shop_rent": 12000, "shop_deposit": 60000}
2026-08-13 22:14:24 | INFO | POST /api/shop | Status 201 | 49ms
2026-08-13 22:14:24 | INFO | REQUEST  | GET /api/shop | Body: 
2026-08-13 22:14:24 | INFO | GET /api/shop | Status 200 | 18ms
2026-08-13 22:14:25 | INFO | REQUEST  | POST /api/user | Body: {"name": "New Tenant", "mobile": "9111111111", "password": "secret123", "role": "tenant"}
2026-08-13 22:14:25 | INFO | POST /api/user | Status 201 | 302ms
2026-08-13 22:14:25 | INFO | REQUEST  | GET /api/user | Body: 
2026-08-13 22:14:25 | INFO | GET /api/user | Status 200 | 25ms
2026-08-13 22:14:27 | INFO | REQUEST  | POST /api/bill | Body: {"user_id": 2, "shop_id": 1, "bill_type": "Rent", "amount": 10000, "bill_date": "2026-06-01T00:00:00"}
2026-08-13 22:14:27 | INFO | POST /api/bill | Status 201 | 189ms
2026-08-13 22:14:27 | INFO | REQUEST  | POST /api/payment | Body: {"bill_id": 1, "amount": 4000, "payment_method": "Cash"}
2026-08-13 22:14:27 | INFO | POST /api/payment | Status 201 | 75ms
2026-08-13 22:14:28 | INFO | REQUEST  | POST /api/bill | Body: {"user_id": 2, "shop_id": 1, "bill_type": "Rent", "amount": 5000}
2026-08-13 22:14:28 | INFO | POST /api/bill | Status 201 | 30ms
2026-08-13 22:14:28 | INFO | REQUEST  | POST /api/payment | Body: {"bill_id": 1, "amount": 5000, "payment_method": "UPI"}
2026-08-13 22:14:28 | INFO | POST /api/payment | Status 201 | 27ms
2026-08-13 22:14:29 | INFO | REQUEST  | GET /api/bill | Body: 
2026-08-13 22:14:29 | INFO | GET /api/bill | Status 200 | 40ms
2026-08-13 22:14:29 | INFO | REQUEST  | GET /api/payment | Body: 
2026-08-13 22:14:30 | INFO | GET /api/payment | Status 200 | 27ms
2026-08-13 22:14:30 | INFO | REQUEST  | GET /api/bills | Body: 
2026-08-13 22:14:30 | INFO | GET /api/bills | Status 200 | 46ms
2026-08-13 22:14:30 | INFO | REQUEST  | GET /api/payments | Body: 
2026-08-13 22:14:30 | INFO | GET /api/payments | Status 200 | 54ms
2026-08-13 22:14:31 | INFO | REQUEST  | GET /api/reports/summary | Body: 
2026-08-13 22:14:31 | INFO | GET /api/reports/summary | Status 200 | 21ms
2026-08-13 22:14:31 | INFO | REQUEST  | GET /api/reports/business-overview | Body: 
2026-08-13 22:14:31 | INFO | GET /api/reports/business-overview | Status 200 | 55ms
2026-08-13 22:14:31 | INFO | REQUEST  | GET /api/reports/occupancy | Body: 
2026-08-13 22:14:31 | INFO | GET /api/reports/occupancy | Status 200 | 27ms
2026-08-13 22:14:31 | INFO | REQUEST  | GET /api/reports/deposit | Body: 
2026-08-13 22:14:31 | INFO | GET /api/reports/deposit | Status 200 | 35ms
2026-08-13 22:14:31 | INFO | REQUEST  | GET /api/reports/rent-collection | Body: 
2026-08-13 22:14:31 | INFO | GET /api/reports/rent-collection | Status 200 | 27ms
2026-08-13 22:14:31 | INFO | REQUEST  | GET /api/reports/user-wise | Body: 
2026-08-13 22:14:31 | INFO | GET /api/reports/user-wise | Status 200 | 27ms
2026-08-13 22:14:31 | INFO | REQUEST  | GET /api/dashboard/kpis | Body: 
2026-08-13 22:14:31 | INFO | GET /api/dashboard/kpis | Status 200 | 48ms
2026-08-13 22:14:31 | INFO | REQUEST  | GET /api/finance/overview | Body: 
2026-08-13 22:14:31 | INFO | GET /api/finance/overview | Status 200 | 41ms
2026-08-13 22:14:32 | INFO | REQUEST  | GET /api/audit-logs | Body: 
2026-08-13 22:14:32 | INFO | GET /api/audit-logs | Status 200 | 40ms
2026-08-13 22:14:33 | INFO | REQUEST  | GET /api/search | Body: 
2026-08-13 22:14:33 | INFO | GET /api/search | Status 200 | 82ms
2026-08-13 22:14:34 | INFO | REQUEST  | GET /api/tenant/profile | Body: 
2026-08-13 22:14:34 | INFO | GET /api/tenant/profile | Status 200 | 26ms
2026-08-13 22:14:34 | INFO | REQUEST  | GET /api/tenant/shops | Body: 
2026-08-13 22:14:34 | INFO | GET /api/tenant/shops | Status 200 | 18ms
2026-08-13 22:14:34 | INFO | REQUEST  | GET /api/tenant/bills | Body: 
2026-08-13 22:14:34 | INFO | GET /api/tenant/bills | Status 200 | 18ms
2026-08-13 22:14:34 | INFO | REQUEST  | GET /api/tenant/payments | Body: 
2026-08-13 22:14:34 | INFO | GET /api/tenant/payments | Status 200 | 17ms
2026-08-13 22:14:35 | INFO | REQUEST  | GET /api/tenant/financial-summary | Body: 
2026-08-13 22:14:35 | INFO | GET /api/tenant/financial-summary | Status 200 | 12ms
2026-08-13 22:14:36 | INFO | REQUEST  | POST /api/bill | Body: {"user_id": 2, "shop_id": 1, "bill_type": "Rent", "amount": 1000}
2026-08-13 22:14:36 | INFO | POST /api/bill | Status 201 | 32ms
2026-08-13 22:14:36 | INFO | REQUEST  | POST /api/bill | Body: {"user_id": 3, "shop_id": 2, "bill_type": "Rent", "amount": 2000}
2026-08-13 22:14:36 | INFO | POST /api/bill | Status 201 | 40ms
2026-08-13 22:14:36 | INFO | REQUEST  | GET /api/tenant/bills | Body: 
2026-08-13 22:14:36 | INFO | GET /api/tenant/bills | Status 200 | 17ms
2026-08-13 22:14:37 | INFO | REQUEST  | POST /api/bills/generate-rent | Body: 
2026-08-13 22:14:37 | INFO | POST /api/bills/generate-rent | Status 200 | 30ms
2026-08-13 22:14:37 | INFO | REQUEST  | POST /api/bills/generate-rent | Body: 
2026-08-13 22:14:37 | INFO | POST /api/bills/generate-rent | Status 200 | 22ms
2026-08-13 22:14:39 | INFO | REQUEST  | POST /api/tenant/meter-readings | Body: <binary>
2026-08-13 22:14:39 | INFO | POST /api/tenant/meter-readings | Status 201 | 65ms
2026-08-13 22:14:39 | INFO | REQUEST  | POST /api/meter-readings/1/approve | Body: {"admin_verified_reading": 12732}
2026-08-13 22:14:39 | INFO | POST /api/meter-readings/1/approve | Status 200 | 67ms
2026-08-13 22:14:39 | INFO | REQUEST  | GET /api/bill | Body: 
2026-08-13 22:14:39 | INFO | GET /api/bill | Status 200 | 9ms
2026-08-13 22:14:39 | INFO | REQUEST  | GET /api/tenant/bills | Body: 
2026-08-13 22:14:39 | INFO | GET /api/tenant/bills | Status 200 | 20ms
2026-08-13 22:14:40 | INFO | REQUEST  | POST /api/tenant/meter-readings | Body: <binary>
2026-08-13 22:14:40 | INFO | POST /api/tenant/meter-readings | Status 201 | 42ms
2026-08-13 22:14:40 | INFO | REQUEST  | POST /api/meter-readings/1/approve | Body: {"admin_verified_reading": 12732}
2026-08-13 22:14:40 | INFO | POST /api/meter-readings/1/approve | Status 200 | 50ms
2026-08-13 22:14:40 | INFO | REQUEST  | POST /api/payment | Body: {"bill_id": 1, "amount": 2679, "payment_method": "Cash"}
2026-08-13 22:14:40 | INFO | POST /api/payment | Status 201 | 30ms
2026-08-13 22:14:54 | INFO | REQUEST  | POST /api/bill | Body: {"user_id": 2, "shop_id": 1, "bill_type": "Rent", "amount": 5000}
2026-08-13 22:14:54 | INFO | POST /api/bill | Status 201 | 49ms
2026-08-13 22:14:54 | INFO | REQUEST  | POST /api/payment | Body: {"bill_id": 1, "amount": 5000, "payment_method": "UPI"}
2026-08-13 22:14:54 | INFO | POST /api/payment | Status 201 | 67ms
2026-08-13 22:15:26 | INFO | REQUEST  | POST /api/bill | Body: {"user_id": 2, "shop_id": 1, "bill_type": "Rent", "amount": 5000}
2026-08-13 22:15:26 | INFO | POST /api/bill | Status 201 | 99ms
2026-08-13 22:15:26 | INFO | REQUEST  | POST /api/payment | Body: {"bill_id": 1, "amount": 5000, "payment_method": "UPI"}
2026-08-13 22:15:26 | INFO | POST /api/payment | Status 201 | 57ms
2026-08-13 22:15:33 | INFO | REQUEST  | POST /api/bill | Body: {"user_id": 2, "shop_id": 1, "bill_type": "Rent", "amount": 10000, "bill_date": "2026-06-01T00:00:00"}
2026-08-13 22:15:33 | INFO | POST /api/bill | Status 201 | 59ms
2026-08-13 22:15:33 | INFO | REQUEST  | POST /api/payment | Body: {"bill_id": 1, "amount": 4000, "payment_method": "Cash"}
2026-08-13 22:15:33 | INFO | POST /api/payment | Status 201 | 94ms
2026-08-13 22:15:35 | INFO | REQUEST  | POST /api/bill | Body: {"user_id": 2, "shop_id": 1, "bill_type": "Rent", "amount": 5000}
2026-08-13 22:15:35 | INFO | POST /api/bill | Status 201 | 76ms
2026-08-13 22:15:35 | INFO | REQUEST  | POST /api/payment | Body: {"bill_id": 1, "amount": 5000, "payment_method": "UPI"}
2026-08-13 22:15:36 | INFO | POST /api/payment | Status 201 | 157ms
2026-08-13 22:16:23 | INFO | REQUEST  | POST /api/bill | Body: {"user_id": 2, "shop_id": 1, "bill_type": "Rent", "amount": 5000}
2026-08-13 22:16:28 | INFO | POST /api/bill | Status 201 | 5133ms
2026-08-13 22:16:28 | INFO | REQUEST  | POST /api/payment | Body: {"bill_id": 1, "amount": 5000, "payment_method": "UPI"}
2026-08-13 22:16:28 | INFO | POST /api/payment | Status 201 | 220ms
2026-08-13 22:17:30 | INFO | REQUEST  | POST /api/login | Body: {"mobile": "9000000001", "password": "admin123"}
2026-08-13 22:17:31 | INFO | LOGIN | user_id=1 | mobile=9000000001 | role=admin
2026-08-13 22:17:31 | INFO | POST /api/login | Status 200 | 312ms
2026-08-13 22:17:33 | INFO | REQUEST  | POST /api/login | Body: {"mobile": "9000000001", "password": "wrong"}
2026-08-13 22:17:34 | ERROR | Database error – rolling back transaction: 401: Invalid mobile or password
2026-08-13 22:17:34 | INFO | POST /api/login | Status 401 | 1331ms
2026-08-13 22:17:35 | INFO | REQUEST  | GET /api/complex | Body: 
2026-08-13 22:17:35 | ERROR | Database error – rolling back transaction: 403: Not authenticated
2026-08-13 22:17:35 | INFO | GET /api/complex | Status 403 | 52ms
2026-08-13 22:17:39 | INFO | REQUEST  | GET /api/complex | Body: 
2026-08-13 22:17:39 | ERROR | Database error – rolling back transaction: 403: Admin access required
2026-08-13 22:17:39 | INFO | GET /api/complex | Status 403 | 49ms
2026-08-13 22:17:39 | INFO | REQUEST  | GET /api/user | Body: 
2026-08-13 22:17:39 | ERROR | Database error – rolling back transaction: 403: Admin access required
2026-08-13 22:17:39 | INFO | GET /api/user | Status 403 | 39ms
2026-08-13 22:17:42 | INFO | REQUEST  | POST /api/complex | Body: {"name": "Sunrise Plaza", "address": "MG Road"}
2026-08-13 22:17:42 | INFO | POST /api/complex | Status 201 | 73ms
2026-08-13 22:17:42 | INFO | REQUEST  | GET /api/complex | Body: 
2026-08-13 22:17:42 | INFO | GET /api/complex | Status 200 | 21ms
2026-08-13 22:17:44 | INFO | REQUEST  | POST /api/shop | Body: {"shop_number": "C-303", "shop_rent": 12000, "shop_deposit": 60000}
2026-08-13 22:17:44 | INFO | POST /api/shop | Status 201 | 59ms
2026-08-13 22:17:44 | INFO | REQUEST  | GET /api/shop | Body: 
2026-08-13 22:17:44 | INFO | GET /api/shop | Status 200 | 315ms
2026-08-13 22:17:46 | INFO | REQUEST  | POST /api/user | Body: {"name": "New Tenant", "mobile": "9111111111", "password": "secret123", "role": "tenant"}
2026-08-13 22:17:46 | INFO | POST /api/user | Status 201 | 269ms
2026-08-13 22:17:46 | INFO | REQUEST  | GET /api/user | Body: 
2026-08-13 22:17:46 | INFO | GET /api/user | Status 200 | 11ms
2026-08-13 22:17:51 | INFO | REQUEST  | POST /api/bill | Body: {"user_id": 2, "shop_id": 1, "bill_type": "Rent", "amount": 1, "bill_date": "2026-06-01T00:00:00"}
2026-08-13 22:17:51 | INFO | POST /api/bill | Status 201 | 373ms
2026-08-13 22:17:53 | INFO | REQUEST  | POST /api/bill | Body: {"user_id": 2, "shop_id": 1, "bill_type": "Rent", "bill_date": "2026-06-01T00:00:00"}
2026-08-13 22:17:53 | INFO | POST /api/bill | Status 201 | 58ms
2026-08-13 22:17:53 | INFO | REQUEST  | POST /api/payment | Body: {"bill_id": 1, "amount": 4000, "payment_method": "Cash"}
2026-08-13 22:17:53 | INFO | POST /api/payment | Status 201 | 78ms
2026-08-13 22:17:55 | INFO | REQUEST  | POST /api/bill | Body: {"user_id": 2, "shop_id": 1, "bill_type": "Maintenance", "amount": 5000}
2026-08-13 22:17:55 | INFO | POST /api/bill | Status 201 | 47ms
2026-08-13 22:17:55 | INFO | REQUEST  | POST /api/payment | Body: {"bill_id": 1, "amount": 5000, "payment_method": "UPI"}
2026-08-13 22:17:55 | INFO | POST /api/payment | Status 201 | 50ms
2026-08-13 22:17:56 | INFO | REQUEST  | POST /api/bill | Body: {"user_id": 2, "shop_id": 1, "bill_type": "Maintenance", "amount": 1000}
2026-08-13 22:17:56 | INFO | POST /api/bill | Status 201 | 56ms
2026-08-13 22:17:56 | INFO | REQUEST  | POST /api/payment | Body: {"bill_id": 1, "amount": 1000, "payment_method": "Cash"}
2026-08-13 22:17:56 | INFO | POST /api/payment | Status 201 | 63ms
2026-08-13 22:17:56 | INFO | REQUEST  | POST /api/payment | Body: {"bill_id": 1, "amount": 500, "payment_method": "Cash"}
2026-08-13 22:17:56 | ERROR | Database error – rolling back transaction: 400: Bill is already fully paid
2026-08-13 22:17:56 | INFO | POST /api/payment | Status 400 | 41ms
2026-08-13 22:17:57 | INFO | REQUEST  | GET /api/bill | Body: 
2026-08-13 22:17:57 | INFO | GET /api/bill | Status 200 | 13ms
2026-08-13 22:17:57 | INFO | REQUEST  | GET /api/payment | Body: 
2026-08-13 22:17:57 | INFO | GET /api/payment | Status 200 | 26ms
2026-08-13 22:17:57 | INFO | REQUEST  | GET /api/bills | Body: 
2026-08-13 22:17:57 | INFO | GET /api/bills | Status 200 | 76ms
2026-08-13 22:17:57 | INFO | REQUEST  | GET /api/payments | Body: 
2026-08-13 22:17:58 | INFO | GET /api/payments | Status 200 | 49ms
2026-08-13 22:17:58 | INFO | REQUEST  | GET /api/reports/summary | Body: 
2026-08-13 22:17:59 | INFO | GET /api/reports/summary | Status 200 | 26ms
2026-08-13 22:17:59 | INFO | REQUEST  | GET /api/reports/business-overview | Body: 
2026-08-13 22:17:59 | INFO | GET /api/reports/business-overview | Status 200 | 22ms
2026-08-13 22:17:59 | INFO | REQUEST  | GET /api/reports/occupancy | Body: 
2026-08-13 22:17:59 | INFO | GET /api/reports/occupancy | Status 200 | 42ms
2026-08-13 22:17:59 | INFO | REQUEST  | GET /api/reports/deposit | Body: 
2026-08-13 22:17:59 | INFO | GET /api/reports/deposit | Status 200 | 38ms
2026-08-13 22:17:59 | INFO | REQUEST  | GET /api/reports/rent-collection | Body: 
2026-08-13 22:17:59 | INFO | GET /api/reports/rent-collection | Status 200 | 37ms
2026-08-13 22:17:59 | INFO | REQUEST  | GET /api/reports/user-wise | Body: 
2026-08-13 22:17:59 | INFO | GET /api/reports/user-wise | Status 200 | 12ms
2026-08-13 22:17:59 | INFO | REQUEST  | GET /api/dashboard/kpis | Body: 
2026-08-13 22:17:59 | INFO | GET /api/dashboard/kpis | Status 200 | 30ms
2026-08-13 22:17:59 | INFO | REQUEST  | GET /api/finance/overview | Body: 
2026-08-13 22:17:59 | INFO | GET /api/finance/overview | Status 200 | 33ms
2026-08-13 22:18:00 | INFO | REQUEST  | GET /api/audit-logs | Body: 
2026-08-13 22:18:00 | INFO | GET /api/audit-logs | Status 200 | 29ms
2026-08-13 22:18:01 | INFO | REQUEST  | GET /api/search | Body: 
2026-08-13 22:18:01 | INFO | GET /api/search | Status 200 | 59ms
2026-08-13 22:18:02 | INFO | REQUEST  | GET /api/tenant/profile | Body: 
2026-08-13 22:18:02 | INFO | GET /api/tenant/profile | Status 200 | 16ms
2026-08-13 22:18:02 | INFO | REQUEST  | GET /api/tenant/shops | Body: 
2026-08-13 22:18:02 | INFO | GET /api/tenant/shops | Status 200 | 15ms
2026-08-13 22:18:02 | INFO | REQUEST  | GET /api/tenant/bills | Body: 
2026-08-13 22:18:02 | INFO | GET /api/tenant/bills | Status 200 | 33ms
2026-08-13 22:18:02 | INFO | REQUEST  | GET /api/tenant/payments | Body: 
2026-08-13 22:18:02 | INFO | GET /api/tenant/payments | Status 200 | 39ms
2026-08-13 22:18:02 | INFO | REQUEST  | GET /api/tenant/financial-summary | Body: 
2026-08-13 22:18:02 | INFO | GET /api/tenant/financial-summary | Status 200 | 27ms
2026-08-13 22:18:05 | INFO | REQUEST  | POST /api/bill | Body: {"user_id": 2, "shop_id": 1, "bill_type": "Maintenance", "amount": 1000}
2026-08-13 22:18:05 | INFO | POST /api/bill | Status 201 | 192ms
2026-08-13 22:18:06 | INFO | REQUEST  | POST /api/bill | Body: {"user_id": 3, "shop_id": 2, "bill_type": "Maintenance", "amount": 2000}
2026-08-13 22:18:06 | INFO | POST /api/bill | Status 201 | 220ms
2026-08-13 22:18:06 | INFO | REQUEST  | GET /api/tenant/bills | Body: 
2026-08-13 22:18:06 | INFO | GET /api/tenant/bills | Status 200 | 386ms
2026-08-13 22:18:08 | INFO | REQUEST  | POST /api/bills/generate-rent | Body: 
2026-08-13 22:18:08 | INFO | POST /api/bills/generate-rent | Status 200 | 51ms
2026-08-13 22:18:08 | INFO | REQUEST  | POST /api/bills/generate-rent | Body: 
2026-08-13 22:18:08 | INFO | POST /api/bills/generate-rent | Status 200 | 43ms
2026-08-13 22:18:09 | INFO | REQUEST  | POST /api/tenant/meter-readings | Body: <binary>
2026-08-13 22:18:10 | INFO | POST /api/tenant/meter-readings | Status 201 | 105ms
2026-08-13 22:18:10 | INFO | REQUEST  | POST /api/meter-readings/1/approve | Body: {"admin_verified_reading": 12732}
2026-08-13 22:18:10 | INFO | POST /api/meter-readings/1/approve | Status 200 | 115ms
2026-08-13 22:18:10 | INFO | REQUEST  | GET /api/bill | Body: 
2026-08-13 22:18:10 | INFO | GET /api/bill | Status 200 | 12ms
2026-08-13 22:18:10 | INFO | REQUEST  | GET /api/tenant/bills | Body: 
2026-08-13 22:18:10 | INFO | GET /api/tenant/bills | Status 200 | 20ms
2026-08-13 22:18:11 | INFO | REQUEST  | POST /api/tenant/meter-readings | Body: <binary>
2026-08-13 22:18:11 | INFO | POST /api/tenant/meter-readings | Status 201 | 85ms
2026-08-13 22:18:11 | INFO | REQUEST  | POST /api/meter-readings/1/approve | Body: {"admin_verified_reading": 12732}
2026-08-13 22:18:11 | INFO | POST /api/meter-readings/1/approve | Status 200 | 45ms
2026-08-13 22:18:11 | INFO | REQUEST  | POST /api/payment | Body: {"bill_id": 1, "amount": 2679, "payment_method": "Cash"}
2026-08-13 22:18:11 | INFO | POST /api/payment | Status 201 | 34ms
2026-08-13 22:18:19 | INFO | REQUEST  | POST /api/tenant/meter-readings | Body: <binary>
2026-08-13 22:18:20 | INFO | POST /api/tenant/meter-readings | Status 201 | 402ms
2026-08-13 22:18:23 | INFO | REQUEST  | POST /api/tenant/meter-readings | Body: <binary>
2026-08-13 22:18:24 | INFO | POST /api/tenant/meter-readings | Status 201 | 286ms
2026-08-13 22:18:26 | INFO | REQUEST  | POST /api/tenant/meter-readings | Body: <binary>
2026-08-13 22:18:26 | ERROR | Database error – rolling back transaction: 400: The reading you entered (12000.0) is lower than the last approved reading (12450.00). Please check the meter and try again.
2026-08-13 22:18:26 | INFO | POST /api/tenant/meter-readings | Status 400 | 61ms
2026-08-13 22:18:27 | INFO | REQUEST  | POST /api/tenant/meter-readings | Body: <binary>
2026-08-13 22:18:27 | ERROR | Database error – rolling back transaction: 400: That file does not look like a photo. Please upload a JPG, PNG or WebP image.
2026-08-13 22:18:27 | INFO | POST /api/tenant/meter-readings | Status 400 | 32ms
2026-08-13 22:18:28 | INFO | REQUEST  | POST /api/tenant/meter-readings | Body: <binary>
2026-08-13 22:18:28 | ERROR | Database error – rolling back transaction: 400: The photo appears to be corrupted or incomplete.
2026-08-13 22:18:28 | INFO | POST /api/tenant/meter-readings | Status 400 | 27ms
2026-08-13 22:18:29 | INFO | REQUEST  | POST /api/tenant/meter-readings | Body: <binary>
2026-08-13 22:18:29 | INFO | POST /api/tenant/meter-readings | Status 201 | 101ms
2026-08-13 22:18:30 | INFO | REQUEST  | POST /api/tenant/meter-readings | Body: <binary>
2026-08-13 22:18:31 | ERROR | Database error – rolling back transaction: 400: Photo is 2.0 MB, which is over the 1 MB limit. Please take the photo at a lower resolution or compress it.
2026-08-13 22:18:31 | INFO | POST /api/tenant/meter-readings | Status 400 | 46ms
2026-08-13 22:18:32 | INFO | REQUEST  | POST /api/tenant/meter-readings | Body: meter_id=1&customer_reading=12732
2026-08-13 22:18:32 | ERROR | Database error – rolling back transaction: 400: A photo of the meter is required.
2026-08-13 22:18:32 | INFO | POST /api/tenant/meter-readings | Status 400 | 33ms
2026-08-13 22:18:33 | INFO | REQUEST  | POST /api/tenant/meter-readings | Body: <binary>
2026-08-13 22:18:33 | INFO | POST /api/tenant/meter-readings | Status 201 | 75ms
2026-08-13 22:18:33 | INFO | REQUEST  | POST /api/tenant/meter-readings | Body: <binary>
2026-08-13 22:18:33 | ERROR | Database error – rolling back transaction: 409: A reading for this meter is already waiting for admin review. Please wait for it to be checked before sending another.
2026-08-13 22:18:33 | INFO | POST /api/tenant/meter-readings | Status 409 | 65ms
2026-08-13 22:18:36 | INFO | REQUEST  | POST /api/tenant/meter-readings | Body: <binary>
2026-08-13 22:18:36 | ERROR | Database error – rolling back transaction: 403: This meter is not on one of your shops.
2026-08-13 22:18:36 | INFO | POST /api/tenant/meter-readings | Status 403 | 177ms
2026-08-13 22:18:38 | INFO | REQUEST  | POST /api/tenant/meter-readings | Body: <binary>
2026-08-13 22:18:38 | INFO | POST /api/tenant/meter-readings | Status 201 | 98ms
2026-08-13 22:18:38 | INFO | REQUEST  | GET /api/tenant/meter-readings/1 | Body: 
2026-08-13 22:18:38 | INFO | GET /api/tenant/meter-readings/1 | Status 200 | 45ms
2026-08-13 22:18:38 | INFO | REQUEST  | GET /api/tenant/meter-readings/1 | Body: 
2026-08-13 22:18:38 | ERROR | Database error – rolling back transaction: 404: Reading not found
2026-08-13 22:18:38 | INFO | GET /api/tenant/meter-readings/1 | Status 404 | 29ms
2026-08-13 22:18:40 | INFO | REQUEST  | POST /api/tenant/meter-readings | Body: <binary>
2026-08-13 22:18:40 | INFO | POST /api/tenant/meter-readings | Status 201 | 80ms
2026-08-13 22:18:40 | INFO | REQUEST  | GET /api/meter-readings/1/photo | Body: 
2026-08-13 22:18:40 | INFO | GET /api/meter-readings/1/photo | Status 200 | 12ms
2026-08-13 22:18:40 | INFO | REQUEST  | GET /api/meter-readings/1/photo | Body: 
2026-08-13 22:18:40 | ERROR | Database error – rolling back transaction: 404: Reading not found
2026-08-13 22:18:40 | INFO | GET /api/meter-readings/1/photo | Status 404 | 27ms
2026-08-13 22:18:42 | INFO | REQUEST  | POST /api/tenant/meter-readings | Body: <binary>
2026-08-13 22:18:42 | INFO | POST /api/tenant/meter-readings | Status 201 | 62ms
2026-08-13 22:18:42 | INFO | REQUEST  | GET /api/meter-readings/1/photo | Body: 
2026-08-13 22:18:42 | INFO | GET /api/meter-readings/1/photo | Status 200 | 7ms
2026-08-13 22:18:43 | INFO | REQUEST  | POST /api/tenant/meter-readings | Body: <binary>
2026-08-13 22:18:43 | INFO | POST /api/tenant/meter-readings | Status 201 | 68ms
2026-08-13 22:18:43 | INFO | REQUEST  | POST /api/meter-readings/1/approve | Body: {"admin_verified_reading": 12732}
2026-08-13 22:18:43 | ERROR | Database error – rolling back transaction: 403: Admin access required
2026-08-13 22:18:43 | INFO | POST /api/meter-readings/1/approve | Status 403 | 86ms
2026-08-13 22:18:44 | INFO | REQUEST  | GET /api/meter-readings | Body: 
2026-08-13 22:18:44 | ERROR | Database error – rolling back transaction: 403: Admin access required
2026-08-13 22:18:44 | INFO | GET /api/meter-readings | Status 403 | 26ms
2026-08-13 22:18:46 | INFO | REQUEST  | GET /api/meters | Body: 
2026-08-13 22:18:46 | ERROR | Database error – rolling back transaction: 403: Admin access required
2026-08-13 22:18:46 | INFO | GET /api/meters | Status 403 | 43ms
2026-08-13 22:18:46 | INFO | REQUEST  | POST /api/meters | Body: {"shop_id": 1, "meter_number": "X"}
2026-08-13 22:18:46 | ERROR | Database error – rolling back transaction: 403: Admin access required
2026-08-13 22:18:46 | INFO | POST /api/meters | Status 403 | 68ms
2026-08-13 22:18:46 | INFO | REQUEST  | GET /api/meter-tariffs | Body: 
2026-08-13 22:18:46 | ERROR | Database error – rolling back transaction: 403: Admin access required
2026-08-13 22:18:46 | INFO | GET /api/meter-tariffs | Status 403 | 50ms
2026-08-13 22:18:47 | INFO | REQUEST  | GET /api/meter-readings | Body: 
2026-08-13 22:18:47 | ERROR | Database error – rolling back transaction: 403: Not authenticated
2026-08-13 22:18:47 | INFO | GET /api/meter-readings | Status 403 | 17ms
2026-08-13 22:18:47 | INFO | REQUEST  | GET /api/tenant/meters | Body: 
2026-08-13 22:18:47 | ERROR | Database error – rolling back transaction: 403: Not authenticated
2026-08-13 22:18:47 | INFO | GET /api/tenant/meters | Status 403 | 26ms
2026-08-13 22:18:48 | INFO | REQUEST  | POST /api/tenant/meter-readings | Body: <binary>
2026-08-13 22:18:48 | INFO | POST /api/tenant/meter-readings | Status 201 | 40ms
2026-08-13 22:18:48 | INFO | REQUEST  | GET /api/meter-readings/1 | Body: 
2026-08-13 22:18:48 | INFO | GET /api/meter-readings/1 | Status 200 | 22ms
2026-08-13 22:18:50 | INFO | REQUEST  | POST /api/tenant/meter-readings | Body: <binary>
2026-08-13 22:18:50 | INFO | POST /api/tenant/meter-readings | Status 201 | 63ms
2026-08-13 22:18:50 | INFO | REQUEST  | POST /api/meter-readings/1/preview | Body: {"admin_verified_reading": 12730}
2026-08-13 22:18:50 | INFO | POST /api/meter-readings/1/preview | Status 200 | 28ms
2026-08-13 22:18:51 | INFO | REQUEST  | POST /api/tenant/meter-readings | Body: <binary>
2026-08-13 22:18:51 | INFO | POST /api/tenant/meter-readings | Status 201 | 49ms
2026-08-13 22:18:51 | INFO | REQUEST  | POST /api/meter-readings/1/preview | Body: {"admin_verified_reading": 12000}
2026-08-13 22:18:51 | INFO | POST /api/meter-readings/1/preview | Status 200 | 13ms
2026-08-13 22:18:53 | INFO | REQUEST  | POST /api/tenant/meter-readings | Body: <binary>
2026-08-13 22:18:53 | INFO | POST /api/tenant/meter-readings | Status 201 | 47ms
2026-08-13 22:18:53 | INFO | REQUEST  | POST /api/meter-readings/1/preview | Body: {"admin_verified_reading": 12732}
2026-08-13 22:18:53 | INFO | POST /api/meter-readings/1/preview | Status 200 | 30ms
2026-08-13 22:18:54 | INFO | REQUEST  | POST /api/tenant/meter-readings | Body: <binary>
2026-08-13 22:18:54 | INFO | POST /api/tenant/meter-readings | Status 201 | 42ms
2026-08-13 22:18:54 | INFO | REQUEST  | POST /api/meter-readings/1/preview | Body: {"admin_verified_reading": 12450}
2026-08-13 22:18:54 | INFO | POST /api/meter-readings/1/preview | Status 200 | 19ms
2026-08-13 22:18:56 | INFO | REQUEST  | POST /api/tenant/meter-readings | Body: <binary>
2026-08-13 22:18:56 | INFO | POST /api/tenant/meter-readings | Status 201 | 58ms
2026-08-13 22:18:56 | INFO | REQUEST  | POST /api/meter-readings/1/preview | Body: {"admin_verified_reading": 19450}
2026-08-13 22:18:56 | INFO | POST /api/meter-readings/1/preview | Status 200 | 18ms
2026-08-13 22:18:57 | INFO | REQUEST  | POST /api/tenant/meter-readings | Body: <binary>
2026-08-13 22:18:57 | INFO | POST /api/tenant/meter-readings | Status 201 | 46ms
2026-08-13 22:18:57 | INFO | REQUEST  | PATCH /api/meter-readings/1/verify | Body: {"admin_verified_reading": 12730}
2026-08-13 22:18:57 | INFO | PATCH /api/meter-readings/1/verify | Status 200 | 46ms
2026-08-13 22:18:59 | INFO | REQUEST  | POST /api/tenant/meter-readings | Body: <binary>
2026-08-13 22:18:59 | INFO | POST /api/tenant/meter-readings | Status 201 | 51ms
2026-08-13 22:18:59 | INFO | REQUEST  | POST /api/meter-readings/1/approve | Body: {"admin_verified_reading": 12732}
2026-08-13 22:18:59 | INFO | POST /api/meter-readings/1/approve | Status 200 | 66ms
2026-08-13 22:19:00 | INFO | REQUEST  | POST /api/tenant/meter-readings | Body: <binary>
2026-08-13 22:19:00 | INFO | POST /api/tenant/meter-readings | Status 201 | 114ms
2026-08-13 22:19:00 | INFO | REQUEST  | POST /api/meter-readings/1/approve | Body: {"admin_verified_reading": 12730, "override_reason": "Photo clearly shows 12730."}
2026-08-13 22:19:01 | INFO | POST /api/meter-readings/1/approve | Status 200 | 136ms
2026-08-13 22:19:02 | INFO | REQUEST  | POST /api/tenant/meter-readings | Body: <binary>
2026-08-13 22:19:02 | INFO | POST /api/tenant/meter-readings | Status 201 | 48ms
2026-08-13 22:19:02 | INFO | REQUEST  | POST /api/meter-readings/1/approve | Body: {"admin_verified_reading": 12730}
2026-08-13 22:19:02 | ERROR | Database error – rolling back transaction: 400: Your reading differs from the tenant's submitted reading. Please give a short reason before approving.
2026-08-13 22:19:02 | INFO | POST /api/meter-readings/1/approve | Status 400 | 16ms
2026-08-13 22:19:03 | INFO | REQUEST  | POST /api/tenant/meter-readings | Body: <binary>
2026-08-13 22:19:03 | INFO | POST /api/tenant/meter-readings | Status 201 | 47ms
2026-08-13 22:19:03 | INFO | REQUEST  | POST /api/meter-readings/1/approve | Body: {"admin_verified_reading": 12732}
2026-08-13 22:19:03 | INFO | POST /api/meter-readings/1/approve | Status 200 | 49ms
2026-08-13 22:19:03 | INFO | REQUEST  | POST /api/meter-readings/1/approve | Body: {"admin_verified_reading": 12732}
2026-08-13 22:19:04 | ERROR | Database error – rolling back transaction: 409: This reading has already been approved and billed.
2026-08-13 22:19:04 | INFO | POST /api/meter-readings/1/approve | Status 409 | 20ms
2026-08-13 22:19:05 | INFO | REQUEST  | POST /api/tenant/meter-readings | Body: <binary>
2026-08-13 22:19:05 | INFO | POST /api/tenant/meter-readings | Status 201 | 39ms
2026-08-13 22:19:05 | INFO | REQUEST  | POST /api/meter-readings/1/approve | Body: {"admin_verified_reading": 12000, "override_reason": "typo test"}
2026-08-13 22:19:05 | ERROR | Database error – rolling back transaction: 400: Current reading (12000.00) is lower than the last approved reading (12450.00). Check the photo - if the meter was replaced or has rolled over, reject this reading and register a new meter instead.
2026-08-13 22:19:05 | INFO | POST /api/meter-readings/1/approve | Status 400 | 16ms
2026-08-13 22:19:06 | INFO | REQUEST  | POST /api/tenant/meter-readings | Body: <binary>
2026-08-13 22:19:06 | INFO | POST /api/tenant/meter-readings | Status 201 | 48ms
2026-08-13 22:19:06 | INFO | REQUEST  | POST /api/meter-readings/1/approve | Body: {"admin_verified_reading": 12732}
2026-08-13 22:19:06 | ERROR | Database error – rolling back transaction: 400: No unit price has been set for electricity on or before 13 Aug 2026. Add a tariff before approving this reading.
2026-08-13 22:19:06 | INFO | POST /api/meter-readings/1/approve | Status 400 | 50ms
2026-08-13 22:19:07 | INFO | REQUEST  | POST /api/tenant/meter-readings | Body: <binary>
2026-08-13 22:19:07 | INFO | POST /api/tenant/meter-readings | Status 201 | 42ms
2026-08-13 22:19:07 | INFO | REQUEST  | POST /api/meter-readings/1/approve | Body: {"admin_verified_reading": 12732}
2026-08-13 22:19:08 | INFO | POST /api/meter-readings/1/approve | Status 200 | 39ms
2026-08-13 22:19:09 | INFO | REQUEST  | POST /api/tenant/meter-readings | Body: <binary>
2026-08-13 22:19:09 | INFO | POST /api/tenant/meter-readings | Status 201 | 58ms
2026-08-13 22:19:09 | INFO | REQUEST  | POST /api/meter-readings/1/approve | Body: {"admin_verified_reading": 12732}
2026-08-13 22:19:09 | INFO | POST /api/meter-readings/1/approve | Status 200 | 38ms
2026-08-13 22:19:09 | INFO | REQUEST  | POST /api/tenant/meter-readings | Body: <binary>
2026-08-13 22:19:09 | INFO | POST /api/tenant/meter-readings | Status 201 | 32ms
2026-08-13 22:19:09 | INFO | REQUEST  | POST /api/meter-readings/2/approve | Body: {"admin_verified_reading": 13000}
2026-08-13 22:19:09 | INFO | POST /api/meter-readings/2/approve | Status 200 | 34ms
2026-08-13 22:19:11 | INFO | REQUEST  | POST /api/tenant/meter-readings | Body: <binary>
2026-08-13 22:19:11 | INFO | POST /api/tenant/meter-readings | Status 201 | 69ms
2026-08-13 22:19:11 | INFO | REQUEST  | POST /api/meter-readings/1/approve | Body: {"admin_verified_reading": 12732}
2026-08-13 22:19:11 | INFO | Reading 1 approved without a bill (auto_create_bill is off).
2026-08-13 22:19:11 | INFO | POST /api/meter-readings/1/approve | Status 200 | 70ms
2026-08-13 22:19:12 | INFO | REQUEST  | POST /api/tenant/meter-readings | Body: <binary>
2026-08-13 22:19:12 | INFO | POST /api/tenant/meter-readings | Status 201 | 79ms
2026-08-13 22:19:12 | INFO | REQUEST  | POST /api/meter-readings/1/reject | Body: {"reason": "Photo is too blurry to read."}
2026-08-13 22:19:12 | INFO | POST /api/meter-readings/1/reject | Status 200 | 108ms
2026-08-13 22:19:14 | INFO | REQUEST  | POST /api/tenant/meter-readings | Body: <binary>
2026-08-13 22:19:14 | INFO | POST /api/tenant/meter-readings | Status 201 | 104ms
2026-08-13 22:19:14 | INFO | REQUEST  | POST /api/meter-readings/1/reject | Body: {"reason": "Wrong meter photographed."}
2026-08-13 22:19:14 | INFO | POST /api/meter-readings/1/reject | Status 200 | 44ms
2026-08-13 22:19:14 | INFO | REQUEST  | GET /api/tenant/meter-readings/1 | Body: 
2026-08-13 22:19:14 | INFO | GET /api/tenant/meter-readings/1 | Status 200 | 48ms
2026-08-13 22:19:16 | INFO | REQUEST  | POST /api/tenant/meter-readings | Body: <binary>
2026-08-13 22:19:16 | INFO | POST /api/tenant/meter-readings | Status 201 | 27ms
2026-08-13 22:19:16 | INFO | REQUEST  | POST /api/meter-readings/1/reject | Body: {"reason": "Blurry"}
2026-08-13 22:19:16 | INFO | POST /api/meter-readings/1/reject | Status 200 | 35ms
2026-08-13 22:19:16 | INFO | REQUEST  | POST /api/tenant/meter-readings | Body: <binary>
2026-08-13 22:19:16 | INFO | POST /api/tenant/meter-readings | Status 201 | 53ms
2026-08-13 22:19:17 | INFO | REQUEST  | POST /api/tenant/meter-readings | Body: <binary>
2026-08-13 22:19:17 | INFO | POST /api/tenant/meter-readings | Status 201 | 54ms
2026-08-13 22:19:17 | INFO | REQUEST  | POST /api/meter-readings/1/approve | Body: {"admin_verified_reading": 12732}
2026-08-13 22:19:17 | INFO | POST /api/meter-readings/1/approve | Status 200 | 62ms
2026-08-13 22:19:17 | INFO | REQUEST  | POST /api/meter-readings/1/reject | Body: {"reason": "changed my mind"}
2026-08-13 22:19:17 | ERROR | Database error – rolling back transaction: 409: This reading has already been approved and billed. Use a bill adjustment instead of rejecting it.
2026-08-13 22:19:17 | INFO | POST /api/meter-readings/1/reject | Status 409 | 61ms
2026-08-13 22:19:19 | INFO | REQUEST  | POST /api/tenant/meter-readings | Body: <binary>
2026-08-13 22:19:19 | INFO | POST /api/tenant/meter-readings | Status 201 | 80ms
2026-08-13 22:19:19 | INFO | REQUEST  | POST /api/meter-readings/1/reject | Body: {"reason": "Blurry"}
2026-08-13 22:19:19 | INFO | POST /api/meter-readings/1/reject | Status 200 | 39ms
2026-08-13 22:19:19 | INFO | REQUEST  | POST /api/meter-readings/1/approve | Body: {"admin_verified_reading": 12732}
2026-08-13 22:19:19 | ERROR | Database error – rolling back transaction: 409: This reading was rejected. Ask the tenant to submit a new photo.
2026-08-13 22:19:19 | INFO | POST /api/meter-readings/1/approve | Status 409 | 31ms
2026-08-13 22:19:20 | INFO | REQUEST  | POST /api/tenant/meter-readings | Body: <binary>
2026-08-13 22:19:20 | INFO | POST /api/tenant/meter-readings | Status 201 | 34ms
2026-08-13 22:19:20 | INFO | REQUEST  | POST /api/meter-readings/1/approve | Body: {"admin_verified_reading": 12730, "override_reason": "Photo shows 12730"}
2026-08-13 22:19:21 | INFO | POST /api/meter-readings/1/approve | Status 200 | 32ms
2026-08-13 22:19:22 | INFO | REQUEST  | POST /api/meters | Body: {"shop_id": 1, "meter_number": "MTR-NEW", "initial_reading": 500}
2026-08-13 22:19:22 | INFO | POST /api/meters | Status 201 | 57ms
2026-08-13 22:19:22 | INFO | REQUEST  | GET /api/meters | Body: 
2026-08-13 22:19:22 | INFO | GET /api/meters | Status 200 | 23ms
2026-08-13 22:19:23 | INFO | REQUEST  | POST /api/meters | Body: {"shop_id": 1, "meter_number": "MTR-001"}
2026-08-13 22:19:23 | ERROR | Database error – rolling back transaction: 409: Meter MTR-001 already exists on this shop
2026-08-13 22:19:23 | INFO | POST /api/meters | Status 409 | 26ms
2026-08-13 22:19:24 | INFO | REQUEST  | POST /api/tenant/meter-readings | Body: <binary>
2026-08-13 22:19:24 | INFO | POST /api/tenant/meter-readings | Status 201 | 27ms
2026-08-13 22:19:25 | INFO | REQUEST  | POST /api/meter-readings/1/approve | Body: {"admin_verified_reading": 12732}
2026-08-13 22:19:25 | INFO | POST /api/meter-readings/1/approve | Status 200 | 30ms
2026-08-13 22:19:25 | INFO | REQUEST  | PUT /api/meters/1 | Body: {"initial_reading": 1}
2026-08-13 22:19:25 | ERROR | Database error – rolling back transaction: 400: Initial reading cannot be changed once this meter has approved readings.
2026-08-13 22:19:25 | INFO | PUT /api/meters/1 | Status 400 | 22ms
2026-08-13 22:19:26 | INFO | REQUEST  | POST /api/tenant/meter-readings | Body: <binary>
2026-08-13 22:19:26 | INFO | POST /api/tenant/meter-readings | Status 201 | 36ms
2026-08-13 22:19:26 | INFO | REQUEST  | POST /api/meter-readings/1/approve | Body: {"admin_verified_reading": 12732}
2026-08-13 22:19:26 | INFO | POST /api/meter-readings/1/approve | Status 200 | 33ms
2026-08-13 22:19:26 | INFO | REQUEST  | DELETE /api/meters/1 | Body: 
2026-08-13 22:19:26 | ERROR | Database error – rolling back transaction: 400: This meter has approved readings and cannot be deleted. Mark it inactive instead so its history is preserved.
2026-08-13 22:19:26 | INFO | DELETE /api/meters/1 | Status 400 | 27ms
2026-08-13 22:19:27 | INFO | REQUEST  | GET /api/tenant/meters | Body: 
2026-08-13 22:19:27 | INFO | GET /api/tenant/meters | Status 200 | 11ms
2026-08-13 22:19:27 | INFO | REQUEST  | GET /api/tenant/meters | Body: 
2026-08-13 22:19:27 | INFO | GET /api/tenant/meters | Status 200 | 10ms
2026-08-13 22:19:28 | INFO | REQUEST  | POST /api/meter-tariffs | Body: {"meter_type": "electricity", "unit_price": 8.0, "effective_from": "2026-04-01T00:00:00"}
2026-08-13 22:19:28 | INFO | POST /api/meter-tariffs | Status 201 | 41ms
2026-08-13 22:19:28 | INFO | REQUEST  | POST /api/meter-tariffs | Body: {"meter_type": "electricity", "unit_price": 9.5, "effective_from": "2026-07-01T00:00:00"}
2026-08-13 22:19:28 | INFO | POST /api/meter-tariffs | Status 201 | 28ms
2026-08-13 22:19:28 | INFO | REQUEST  | GET /api/meter-tariffs | Body: 
2026-08-13 22:19:28 | INFO | GET /api/meter-tariffs | Status 200 | 24ms
2026-08-13 22:19:29 | INFO | REQUEST  | POST /api/tenant/meter-readings | Body: <binary>
2026-08-13 22:19:29 | INFO | POST /api/tenant/meter-readings | Status 201 | 33ms
2026-08-13 22:19:29 | INFO | REQUEST  | POST /api/meter-readings/1/approve | Body: {"admin_verified_reading": 12732}
2026-08-13 22:19:29 | INFO | POST /api/meter-readings/1/approve | Status 200 | 29ms
2026-08-13 22:19:29 | INFO | REQUEST  | DELETE /api/meter-tariffs/1 | Body: 
2026-08-13 22:19:29 | ERROR | Database error – rolling back transaction: 400: This rate has already been used to bill a reading and cannot be deleted. Add a newer rate instead.
2026-08-13 22:19:29 | INFO | DELETE /api/meter-tariffs/1 | Status 400 | 27ms
2026-08-13 22:19:30 | INFO | REQUEST  | GET /api/settings | Body: 
2026-08-13 22:19:31 | INFO | GET /api/settings | Status 200 | 204ms
2026-08-13 22:19:31 | INFO | REQUEST  | PUT /api/settings | Body: {"values": {"app.name": "Gund Properties"}}
2026-08-13 22:19:31 | INFO | PUT /api/settings | Status 200 | 29ms
2026-08-13 22:19:31 | INFO | REQUEST  | GET /api/settings/public | Body: 
2026-08-13 22:19:31 | INFO | GET /api/settings/public | Status 200 | 6ms
2026-08-13 22:19:32 | INFO | REQUEST  | PUT /api/settings | Body: {"values": {"app.name": "Valid Name", "meter.photo_max_mb": 999}}
2026-08-13 22:19:32 | ERROR | Database error – rolling back transaction: 400: Max photo size must be between 1 and 50 MB
2026-08-13 22:19:32 | INFO | PUT /api/settings | Status 400 | 10ms
2026-08-13 22:19:32 | INFO | REQUEST  | GET /api/settings/public | Body: 
2026-08-13 22:19:32 | INFO | GET /api/settings/public | Status 200 | 5ms
2026-08-13 22:19:32 | INFO | REQUEST  | PUT /api/settings | Body: {"values": {"totally.made.up": "x"}}
2026-08-13 22:19:32 | ERROR | Database error – rolling back transaction: 400: Unknown setting key(s): totally.made.up
2026-08-13 22:19:32 | INFO | PUT /api/settings | Status 400 | 13ms
2026-08-13 22:19:33 | INFO | REQUEST  | PUT /api/settings | Body: {"values": {"app.name": "Temp"}}
2026-08-13 22:19:33 | INFO | PUT /api/settings | Status 200 | 26ms
2026-08-13 22:19:33 | INFO | REQUEST  | POST /api/settings/reset | Body: 
2026-08-13 22:19:33 | INFO | POST /api/settings/reset | Status 200 | 26ms
2026-08-13 22:19:33 | INFO | REQUEST  | GET /api/settings/public | Body: 
2026-08-13 22:19:33 | INFO | GET /api/settings/public | Status 200 | 7ms
2026-08-13 22:19:34 | INFO | REQUEST  | GET /api/settings | Body: 
2026-08-13 22:19:34 | ERROR | Database error – rolling back transaction: 403: Admin access required
2026-08-13 22:19:34 | INFO | GET /api/settings | Status 403 | 17ms
2026-08-13 22:19:34 | INFO | REQUEST  | PUT /api/settings | Body: {"values": {"app.name": "Hacked"}}
2026-08-13 22:19:34 | ERROR | Database error – rolling back transaction: 403: Admin access required
2026-08-13 22:19:34 | INFO | PUT /api/settings | Status 403 | 25ms
2026-08-13 22:19:35 | INFO | REQUEST  | GET /api/settings/public | Body: 
2026-08-13 22:19:35 | INFO | GET /api/settings/public | Status 200 | 11ms
2026-08-13 22:27:43 | INFO | REQUEST  | POST /api/meters | Body: {"shop_id": 1, "meter_number": "MTR-001", "initial_reading": 12450}
2026-08-13 22:27:43 | INFO | POST /api/meters | Status 201 | 78ms
2026-08-13 22:27:43 | INFO | REQUEST  | POST /api/meter-tariffs | Body: {"unit_price": 9.5, "effective_from": "2026-01-01T00:00:00"}
2026-08-13 22:27:43 | INFO | POST /api/meter-tariffs | Status 201 | 35ms
2026-08-13 22:27:43 | INFO | REQUEST  | GET /api/meter-tariffs | Body: 
2026-08-13 22:27:43 | INFO | GET /api/meter-tariffs | Status 200 | 13ms
2026-08-13 22:27:43 | INFO | REQUEST  | GET /api/tenant/meters | Body: 
2026-08-13 22:27:43 | INFO | GET /api/tenant/meters | Status 200 | 13ms
2026-08-13 22:27:43 | INFO | REQUEST  | POST /api/tenant/meter-readings | Body: <binary>
2026-08-13 22:27:43 | INFO | POST /api/tenant/meter-readings | Status 201 | 65ms
2026-08-13 22:27:43 | INFO | REQUEST  | GET /api/meter-readings | Body: 
2026-08-13 22:27:43 | INFO | GET /api/meter-readings | Status 200 | 10ms
2026-08-13 22:27:43 | INFO | REQUEST  | GET /api/meter-readings/1 | Body: 
2026-08-13 22:27:43 | INFO | GET /api/meter-readings/1 | Status 200 | 20ms
2026-08-13 22:27:43 | INFO | REQUEST  | GET /api/meter-readings/1/photo | Body: 
2026-08-13 22:27:43 | INFO | GET /api/meter-readings/1/photo | Status 200 | 11ms
2026-08-13 22:27:43 | INFO | REQUEST  | POST /api/meter-readings/1/preview | Body: {"admin_verified_reading": 12730}
2026-08-13 22:27:43 | INFO | POST /api/meter-readings/1/preview | Status 200 | 21ms
2026-08-13 22:27:43 | INFO | REQUEST  | POST /api/meter-readings/1/approve | Body: {"admin_verified_reading": 12730, "override_reason": "Photo clearly shows 12730."}
2026-08-13 22:27:43 | INFO | POST /api/meter-readings/1/approve | Status 200 | 51ms
2026-08-13 22:27:43 | INFO | REQUEST  | POST /api/meter-readings/1/approve | Body: {"admin_verified_reading": 12730, "override_reason": "x"}
2026-08-13 22:27:43 | ERROR | Database error – rolling back transaction: 409: This reading has already been approved and billed.
2026-08-13 22:27:43 | INFO | POST /api/meter-readings/1/approve | Status 409 | 16ms
2026-08-13 22:27:43 | INFO | REQUEST  | GET /api/tenant/meter-readings | Body: 
2026-08-13 22:27:43 | INFO | GET /api/tenant/meter-readings | Status 200 | 26ms
2026-08-13 22:27:43 | INFO | REQUEST  | GET /api/tenant/bills | Body: 
2026-08-13 22:27:43 | INFO | GET /api/tenant/bills | Status 200 | 8ms
2026-08-13 22:27:43 | INFO | REQUEST  | GET /api/tenant/meters | Body: 
2026-08-13 22:27:43 | INFO | GET /api/tenant/meters | Status 200 | 15ms
2026-08-13 22:27:43 | INFO | REQUEST  | PUT /api/settings | Body: {"values": {"app.name": "Gund Properties", "meter.bill_due_days": 21}}
2026-08-13 22:27:43 | INFO | PUT /api/settings | Status 200 | 24ms
2026-08-13 22:27:43 | INFO | REQUEST  | GET /api/settings/public | Body: 
2026-08-13 22:27:43 | INFO | GET /api/settings/public | Status 200 | 6ms
2026-08-13 22:28:06 | INFO | REQUEST  | POST /api/login | Body: {"mobile": "9000000001", "password": "admin123"}
2026-08-13 22:28:06 | INFO | LOGIN | user_id=1 | mobile=9000000001 | role=admin
2026-08-13 22:28:06 | INFO | POST /api/login | Status 200 | 250ms
2026-08-13 22:28:06 | INFO | REQUEST  | POST /api/login | Body: {"mobile": "9000000001", "password": "wrong"}
2026-08-13 22:28:07 | ERROR | Database error – rolling back transaction: 401: Invalid mobile or password
2026-08-13 22:28:07 | INFO | POST /api/login | Status 401 | 237ms
2026-08-13 22:28:07 | INFO | REQUEST  | GET /api/complex | Body: 
2026-08-13 22:28:07 | ERROR | Database error – rolling back transaction: 403: Not authenticated
2026-08-13 22:28:07 | INFO | GET /api/complex | Status 403 | 8ms
2026-08-13 22:28:08 | INFO | REQUEST  | GET /api/complex | Body: 
2026-08-13 22:28:08 | ERROR | Database error – rolling back transaction: 403: Admin access required
2026-08-13 22:28:08 | INFO | GET /api/complex | Status 403 | 13ms
2026-08-13 22:28:08 | INFO | REQUEST  | GET /api/user | Body: 
2026-08-13 22:28:08 | ERROR | Database error – rolling back transaction: 403: Admin access required
2026-08-13 22:28:08 | INFO | GET /api/user | Status 403 | 6ms
2026-08-13 22:28:09 | INFO | REQUEST  | POST /api/complex | Body: {"name": "Sunrise Plaza", "address": "MG Road"}
2026-08-13 22:28:09 | INFO | POST /api/complex | Status 201 | 25ms
2026-08-13 22:28:09 | INFO | REQUEST  | GET /api/complex | Body: 
2026-08-13 22:28:09 | INFO | GET /api/complex | Status 200 | 6ms
2026-08-13 22:28:09 | INFO | REQUEST  | POST /api/shop | Body: {"shop_number": "C-303", "shop_rent": 12000, "shop_deposit": 60000}
2026-08-13 22:28:09 | INFO | POST /api/shop | Status 201 | 30ms
2026-08-13 22:28:09 | INFO | REQUEST  | GET /api/shop | Body: 
2026-08-13 22:28:09 | INFO | GET /api/shop | Status 200 | 7ms
2026-08-13 22:28:10 | INFO | REQUEST  | POST /api/user | Body: {"name": "New Tenant", "mobile": "9111111111", "password": "secret123", "role": "tenant"}
2026-08-13 22:28:10 | INFO | POST /api/user | Status 201 | 245ms
2026-08-13 22:28:10 | INFO | REQUEST  | GET /api/user | Body: 
2026-08-13 22:28:10 | INFO | GET /api/user | Status 200 | 13ms
2026-08-13 22:28:11 | INFO | REQUEST  | POST /api/bill | Body: {"user_id": 2, "shop_id": 1, "bill_type": "Rent", "amount": 1, "bill_date": "2026-06-01T00:00:00"}
2026-08-13 22:28:11 | INFO | POST /api/bill | Status 201 | 28ms
2026-08-13 22:28:12 | INFO | REQUEST  | POST /api/bill | Body: {"user_id": 2, "shop_id": 1, "bill_type": "Rent", "bill_date": "2026-06-01T00:00:00"}
2026-08-13 22:28:12 | INFO | POST /api/bill | Status 201 | 21ms
2026-08-13 22:28:12 | INFO | REQUEST  | POST /api/payment | Body: {"bill_id": 1, "amount": 4000, "payment_method": "Cash"}
2026-08-13 22:28:12 | INFO | POST /api/payment | Status 201 | 27ms
2026-08-13 22:28:13 | INFO | REQUEST  | POST /api/bill | Body: {"user_id": 2, "shop_id": 1, "bill_type": "Maintenance", "amount": 5000}
2026-08-13 22:28:13 | INFO | POST /api/bill | Status 201 | 19ms
2026-08-13 22:28:13 | INFO | REQUEST  | POST /api/payment | Body: {"bill_id": 1, "amount": 5000, "payment_method": "UPI"}
2026-08-13 22:28:13 | INFO | POST /api/payment | Status 201 | 19ms
2026-08-13 22:28:14 | INFO | REQUEST  | POST /api/bill | Body: {"user_id": 2, "shop_id": 1, "bill_type": "Maintenance", "amount": 1000}
2026-08-13 22:28:14 | INFO | POST /api/bill | Status 201 | 21ms
2026-08-13 22:28:14 | INFO | REQUEST  | POST /api/payment | Body: {"bill_id": 1, "amount": 1000, "payment_method": "Cash"}
2026-08-13 22:28:14 | INFO | POST /api/payment | Status 201 | 18ms
2026-08-13 22:28:14 | INFO | REQUEST  | POST /api/payment | Body: {"bill_id": 1, "amount": 500, "payment_method": "Cash"}
2026-08-13 22:28:14 | ERROR | Database error – rolling back transaction: 400: Bill is already fully paid
2026-08-13 22:28:14 | INFO | POST /api/payment | Status 400 | 10ms
2026-08-13 22:28:15 | INFO | REQUEST  | GET /api/bill | Body: 
2026-08-13 22:28:15 | INFO | GET /api/bill | Status 200 | 7ms
2026-08-13 22:28:15 | INFO | REQUEST  | GET /api/payment | Body: 
2026-08-13 22:28:15 | INFO | GET /api/payment | Status 200 | 8ms
2026-08-13 22:28:15 | INFO | REQUEST  | GET /api/bills | Body: 
2026-08-13 22:28:15 | INFO | GET /api/bills | Status 200 | 15ms
2026-08-13 22:28:15 | INFO | REQUEST  | GET /api/payments | Body: 
2026-08-13 22:28:15 | INFO | GET /api/payments | Status 200 | 77ms
2026-08-13 22:28:16 | INFO | REQUEST  | GET /api/reports/summary | Body: 
2026-08-13 22:28:16 | INFO | GET /api/reports/summary | Status 200 | 8ms
2026-08-13 22:28:16 | INFO | REQUEST  | GET /api/reports/business-overview | Body: 
2026-08-13 22:28:16 | INFO | GET /api/reports/business-overview | Status 200 | 18ms
2026-08-13 22:28:16 | INFO | REQUEST  | GET /api/reports/occupancy | Body: 
2026-08-13 22:28:16 | INFO | GET /api/reports/occupancy | Status 200 | 5ms
2026-08-13 22:28:16 | INFO | REQUEST  | GET /api/reports/deposit | Body: 
2026-08-13 22:28:16 | INFO | GET /api/reports/deposit | Status 200 | 10ms
2026-08-13 22:28:16 | INFO | REQUEST  | GET /api/reports/rent-collection | Body: 
2026-08-13 22:28:16 | INFO | GET /api/reports/rent-collection | Status 200 | 8ms
2026-08-13 22:28:16 | INFO | REQUEST  | GET /api/reports/user-wise | Body: 
2026-08-13 22:28:16 | INFO | GET /api/reports/user-wise | Status 200 | 6ms
2026-08-13 22:28:16 | INFO | REQUEST  | GET /api/dashboard/kpis | Body: 
2026-08-13 22:28:16 | INFO | GET /api/dashboard/kpis | Status 200 | 25ms
2026-08-13 22:28:16 | INFO | REQUEST  | GET /api/finance/overview | Body: 
2026-08-13 22:28:16 | INFO | GET /api/finance/overview | Status 200 | 14ms
2026-08-13 22:28:17 | INFO | REQUEST  | GET /api/audit-logs | Body: 
2026-08-13 22:28:17 | INFO | GET /api/audit-logs | Status 200 | 10ms
2026-08-13 22:28:17 | INFO | REQUEST  | GET /api/search | Body: 
2026-08-13 22:28:17 | INFO | GET /api/search | Status 200 | 9ms
2026-08-13 22:28:18 | INFO | REQUEST  | GET /api/tenant/profile | Body: 
2026-08-13 22:28:18 | INFO | GET /api/tenant/profile | Status 200 | 4ms
2026-08-13 22:28:18 | INFO | REQUEST  | GET /api/tenant/shops | Body: 
2026-08-13 22:28:18 | INFO | GET /api/tenant/shops | Status 200 | 5ms
2026-08-13 22:28:18 | INFO | REQUEST  | GET /api/tenant/bills | Body: 
2026-08-13 22:28:18 | INFO | GET /api/tenant/bills | Status 200 | 6ms
2026-08-13 22:28:18 | INFO | REQUEST  | GET /api/tenant/payments | Body: 
2026-08-13 22:28:18 | INFO | GET /api/tenant/payments | Status 200 | 5ms
2026-08-13 22:28:18 | INFO | REQUEST  | GET /api/tenant/financial-summary | Body: 
2026-08-13 22:28:18 | INFO | GET /api/tenant/financial-summary | Status 200 | 9ms
2026-08-13 22:28:19 | INFO | REQUEST  | POST /api/bill | Body: {"user_id": 2, "shop_id": 1, "bill_type": "Maintenance", "amount": 1000}
2026-08-13 22:28:19 | INFO | POST /api/bill | Status 201 | 17ms
2026-08-13 22:28:19 | INFO | REQUEST  | POST /api/bill | Body: {"user_id": 3, "shop_id": 2, "bill_type": "Maintenance", "amount": 2000}
2026-08-13 22:28:19 | INFO | POST /api/bill | Status 201 | 20ms
2026-08-13 22:28:19 | INFO | REQUEST  | GET /api/tenant/bills | Body: 
2026-08-13 22:28:19 | INFO | GET /api/tenant/bills | Status 200 | 4ms
2026-08-13 22:28:20 | INFO | REQUEST  | POST /api/bills/generate-rent | Body: 
2026-08-13 22:28:20 | INFO | POST /api/bills/generate-rent | Status 200 | 26ms
2026-08-13 22:28:20 | INFO | REQUEST  | POST /api/bills/generate-rent | Body: 
2026-08-13 22:28:20 | INFO | POST /api/bills/generate-rent | Status 200 | 6ms
2026-08-13 22:28:21 | INFO | REQUEST  | POST /api/tenant/meter-readings | Body: <binary>
2026-08-13 22:28:21 | INFO | POST /api/tenant/meter-readings | Status 201 | 33ms
2026-08-13 22:28:21 | INFO | REQUEST  | POST /api/meter-readings/1/approve | Body: {"admin_verified_reading": 12732}
2026-08-13 22:28:21 | INFO | POST /api/meter-readings/1/approve | Status 200 | 26ms
2026-08-13 22:28:21 | INFO | REQUEST  | GET /api/bill | Body: 
2026-08-13 22:28:21 | INFO | GET /api/bill | Status 200 | 8ms
2026-08-13 22:28:21 | INFO | REQUEST  | GET /api/tenant/bills | Body: 
2026-08-13 22:28:21 | INFO | GET /api/tenant/bills | Status 200 | 5ms
2026-08-13 22:28:22 | INFO | REQUEST  | POST /api/tenant/meter-readings | Body: <binary>
2026-08-13 22:28:22 | INFO | POST /api/tenant/meter-readings | Status 201 | 20ms
2026-08-13 22:28:22 | INFO | REQUEST  | POST /api/meter-readings/1/approve | Body: {"admin_verified_reading": 12732}
2026-08-13 22:28:22 | INFO | POST /api/meter-readings/1/approve | Status 200 | 22ms
2026-08-13 22:28:22 | INFO | REQUEST  | POST /api/payment | Body: {"bill_id": 1, "amount": 2679, "payment_method": "Cash"}
2026-08-13 22:28:22 | INFO | POST /api/payment | Status 201 | 19ms
2026-08-13 22:28:27 | INFO | REQUEST  | POST /api/tenant/meter-readings | Body: <binary>
2026-08-13 22:28:27 | INFO | POST /api/tenant/meter-readings | Status 201 | 32ms
2026-08-13 22:28:28 | INFO | REQUEST  | POST /api/tenant/meter-readings | Body: <binary>
2026-08-13 22:28:28 | INFO | POST /api/tenant/meter-readings | Status 201 | 20ms
2026-08-13 22:28:29 | INFO | REQUEST  | POST /api/tenant/meter-readings | Body: <binary>
2026-08-13 22:28:29 | ERROR | Database error – rolling back transaction: 400: The reading you entered (12000.0) is lower than the last approved reading (12450.00). Please check the meter and try again.
2026-08-13 22:28:29 | INFO | POST /api/tenant/meter-readings | Status 400 | 9ms
2026-08-13 22:28:30 | INFO | REQUEST  | POST /api/tenant/meter-readings | Body: <binary>
2026-08-13 22:28:30 | ERROR | Database error – rolling back transaction: 400: That file does not look like a photo. Please upload a JPG, PNG or WebP image.
2026-08-13 22:28:30 | INFO | POST /api/tenant/meter-readings | Status 400 | 12ms
2026-08-13 22:28:30 | INFO | REQUEST  | POST /api/tenant/meter-readings | Body: <binary>
2026-08-13 22:28:30 | ERROR | Database error – rolling back transaction: 400: The photo appears to be corrupted or incomplete.
2026-08-13 22:28:30 | INFO | POST /api/tenant/meter-readings | Status 400 | 12ms
2026-08-13 22:28:31 | INFO | REQUEST  | POST /api/tenant/meter-readings | Body: <binary>
2026-08-13 22:28:31 | INFO | POST /api/tenant/meter-readings | Status 201 | 26ms
2026-08-13 22:28:32 | INFO | REQUEST  | POST /api/tenant/meter-readings | Body: <binary>
2026-08-13 22:28:32 | ERROR | Database error – rolling back transaction: 400: Photo is 2.0 MB, which is over the 1 MB limit. Please take the photo at a lower resolution or compress it.
2026-08-13 22:28:32 | INFO | POST /api/tenant/meter-readings | Status 400 | 29ms
2026-08-13 22:28:33 | INFO | REQUEST  | POST /api/tenant/meter-readings | Body: meter_id=1&customer_reading=12732
2026-08-13 22:28:33 | ERROR | Database error – rolling back transaction: 400: A photo of the meter is required.
2026-08-13 22:28:33 | INFO | POST /api/tenant/meter-readings | Status 400 | 16ms
2026-08-13 22:28:33 | INFO | REQUEST  | POST /api/tenant/meter-readings | Body: <binary>
2026-08-13 22:28:33 | INFO | POST /api/tenant/meter-readings | Status 201 | 26ms
2026-08-13 22:28:33 | INFO | REQUEST  | POST /api/tenant/meter-readings | Body: <binary>
2026-08-13 22:28:33 | ERROR | Database error – rolling back transaction: 409: A reading for this meter is already waiting for admin review. Please wait for it to be checked before sending another.
2026-08-13 22:28:33 | INFO | POST /api/tenant/meter-readings | Status 409 | 9ms
2026-08-13 22:28:34 | INFO | REQUEST  | POST /api/tenant/meter-readings | Body: <binary>
2026-08-13 22:28:34 | ERROR | Database error – rolling back transaction: 403: This meter is not on one of your shops.
2026-08-13 22:28:34 | INFO | POST /api/tenant/meter-readings | Status 403 | 18ms
2026-08-13 22:28:35 | INFO | REQUEST  | POST /api/tenant/meter-readings | Body: <binary>
2026-08-13 22:28:35 | INFO | POST /api/tenant/meter-readings | Status 201 | 21ms
2026-08-13 22:28:35 | INFO | REQUEST  | GET /api/tenant/meter-readings/1 | Body: 
2026-08-13 22:28:35 | INFO | GET /api/tenant/meter-readings/1 | Status 200 | 7ms
2026-08-13 22:28:35 | INFO | REQUEST  | GET /api/tenant/meter-readings/1 | Body: 
2026-08-13 22:28:35 | ERROR | Database error – rolling back transaction: 404: Reading not found
2026-08-13 22:28:35 | INFO | GET /api/tenant/meter-readings/1 | Status 404 | 9ms
2026-08-13 22:28:36 | INFO | REQUEST  | POST /api/tenant/meter-readings | Body: <binary>
2026-08-13 22:28:36 | INFO | POST /api/tenant/meter-readings | Status 201 | 27ms
2026-08-13 22:28:36 | INFO | REQUEST  | GET /api/meter-readings/1/photo | Body: 
2026-08-13 22:28:36 | INFO | GET /api/meter-readings/1/photo | Status 200 | 4ms
2026-08-13 22:28:36 | INFO | REQUEST  | GET /api/meter-readings/1/photo | Body: 
2026-08-13 22:28:36 | ERROR | Database error – rolling back transaction: 404: Reading not found
2026-08-13 22:28:36 | INFO | GET /api/meter-readings/1/photo | Status 404 | 10ms
2026-08-13 22:28:37 | INFO | REQUEST  | POST /api/tenant/meter-readings | Body: <binary>
2026-08-13 22:28:37 | INFO | POST /api/tenant/meter-readings | Status 201 | 28ms
2026-08-13 22:28:37 | INFO | REQUEST  | GET /api/meter-readings/1/photo | Body: 
2026-08-13 22:28:37 | INFO | GET /api/meter-readings/1/photo | Status 200 | 9ms
2026-08-13 22:28:38 | INFO | REQUEST  | POST /api/tenant/meter-readings | Body: <binary>
2026-08-13 22:28:38 | INFO | POST /api/tenant/meter-readings | Status 201 | 25ms
2026-08-13 22:28:38 | INFO | REQUEST  | POST /api/meter-readings/1/approve | Body: {"admin_verified_reading": 12732}
2026-08-13 22:28:38 | ERROR | Database error – rolling back transaction: 403: Admin access required
2026-08-13 22:28:38 | INFO | POST /api/meter-readings/1/approve | Status 403 | 18ms
2026-08-13 22:28:39 | INFO | REQUEST  | GET /api/meter-readings | Body: 
2026-08-13 22:28:39 | ERROR | Database error – rolling back transaction: 403: Admin access required
2026-08-13 22:28:39 | INFO | GET /api/meter-readings | Status 403 | 11ms
2026-08-13 22:28:40 | INFO | REQUEST  | GET /api/meters | Body: 
2026-08-13 22:28:40 | ERROR | Database error – rolling back transaction: 403: Admin access required
2026-08-13 22:28:40 | INFO | GET /api/meters | Status 403 | 8ms
2026-08-13 22:28:40 | INFO | REQUEST  | POST /api/meters | Body: {"shop_id": 1, "meter_number": "X"}
2026-08-13 22:28:40 | ERROR | Database error – rolling back transaction: 403: Admin access required
2026-08-13 22:28:40 | INFO | POST /api/meters | Status 403 | 6ms
2026-08-13 22:28:40 | INFO | REQUEST  | GET /api/meter-tariffs | Body: 
2026-08-13 22:28:40 | ERROR | Database error – rolling back transaction: 403: Admin access required
2026-08-13 22:28:40 | INFO | GET /api/meter-tariffs | Status 403 | 7ms
2026-08-13 22:28:40 | INFO | REQUEST  | GET /api/meter-readings | Body: 
2026-08-13 22:28:40 | ERROR | Database error – rolling back transaction: 403: Not authenticated
2026-08-13 22:28:40 | INFO | GET /api/meter-readings | Status 403 | 8ms
2026-08-13 22:28:40 | INFO | REQUEST  | GET /api/tenant/meters | Body: 
2026-08-13 22:28:40 | ERROR | Database error – rolling back transaction: 403: Not authenticated
2026-08-13 22:28:40 | INFO | GET /api/tenant/meters | Status 403 | 4ms
2026-08-13 22:28:41 | INFO | REQUEST  | POST /api/tenant/meter-readings | Body: <binary>
2026-08-13 22:28:41 | INFO | POST /api/tenant/meter-readings | Status 201 | 28ms
2026-08-13 22:28:41 | INFO | REQUEST  | GET /api/meter-readings/1 | Body: 
2026-08-13 22:28:41 | INFO | GET /api/meter-readings/1 | Status 200 | 12ms
2026-08-13 22:28:42 | INFO | REQUEST  | POST /api/tenant/meter-readings | Body: <binary>
2026-08-13 22:28:42 | INFO | POST /api/tenant/meter-readings | Status 201 | 33ms
2026-08-13 22:28:42 | INFO | REQUEST  | POST /api/meter-readings/1/preview | Body: {"admin_verified_reading": 12730}
2026-08-13 22:28:42 | INFO | POST /api/meter-readings/1/preview | Status 200 | 8ms
2026-08-13 22:28:43 | INFO | REQUEST  | POST /api/tenant/meter-readings | Body: <binary>
2026-08-13 22:28:44 | INFO | POST /api/tenant/meter-readings | Status 201 | 29ms
2026-08-13 22:28:44 | INFO | REQUEST  | POST /api/meter-readings/1/preview | Body: {"admin_verified_reading": 12000}
2026-08-13 22:28:44 | INFO | POST /api/meter-readings/1/preview | Status 200 | 25ms
2026-08-13 22:28:45 | INFO | REQUEST  | POST /api/tenant/meter-readings | Body: <binary>
2026-08-13 22:28:45 | INFO | POST /api/tenant/meter-readings | Status 201 | 29ms
2026-08-13 22:28:45 | INFO | REQUEST  | POST /api/meter-readings/1/preview | Body: {"admin_verified_reading": 12732}
2026-08-13 22:28:45 | INFO | POST /api/meter-readings/1/preview | Status 200 | 9ms
2026-08-13 22:28:46 | INFO | REQUEST  | POST /api/tenant/meter-readings | Body: <binary>
2026-08-13 22:28:46 | INFO | POST /api/tenant/meter-readings | Status 201 | 60ms
2026-08-13 22:28:46 | INFO | REQUEST  | POST /api/meter-readings/1/preview | Body: {"admin_verified_reading": 12450}
2026-08-13 22:28:46 | INFO | POST /api/meter-readings/1/preview | Status 200 | 35ms
2026-08-13 22:28:47 | INFO | REQUEST  | POST /api/tenant/meter-readings | Body: <binary>
2026-08-13 22:28:47 | INFO | POST /api/tenant/meter-readings | Status 201 | 32ms
2026-08-13 22:28:47 | INFO | REQUEST  | POST /api/meter-readings/1/preview | Body: {"admin_verified_reading": 19450}
2026-08-13 22:28:47 | INFO | POST /api/meter-readings/1/preview | Status 200 | 7ms
2026-08-13 22:28:48 | INFO | REQUEST  | POST /api/tenant/meter-readings | Body: <binary>
2026-08-13 22:28:48 | INFO | POST /api/tenant/meter-readings | Status 201 | 25ms
2026-08-13 22:28:48 | INFO | REQUEST  | PATCH /api/meter-readings/1/verify | Body: {"admin_verified_reading": 12730}
2026-08-13 22:28:48 | INFO | PATCH /api/meter-readings/1/verify | Status 200 | 20ms
2026-08-13 22:28:49 | INFO | REQUEST  | POST /api/tenant/meter-readings | Body: <binary>
2026-08-13 22:28:49 | INFO | POST /api/tenant/meter-readings | Status 201 | 35ms
2026-08-13 22:28:49 | INFO | REQUEST  | POST /api/meter-readings/1/approve | Body: {"admin_verified_reading": 12732}
2026-08-13 22:28:49 | INFO | POST /api/meter-readings/1/approve | Status 200 | 33ms
2026-08-13 22:28:51 | INFO | REQUEST  | POST /api/tenant/meter-readings | Body: <binary>
2026-08-13 22:28:52 | INFO | POST /api/tenant/meter-readings | Status 201 | 100ms
2026-08-13 22:28:52 | INFO | REQUEST  | POST /api/meter-readings/1/approve | Body: {"admin_verified_reading": 12730, "override_reason": "Photo clearly shows 12730."}
2026-08-13 22:28:52 | INFO | POST /api/meter-readings/1/approve | Status 200 | 71ms
2026-08-13 22:28:54 | INFO | REQUEST  | POST /api/tenant/meter-readings | Body: <binary>
2026-08-13 22:28:54 | INFO | POST /api/tenant/meter-readings | Status 201 | 186ms
2026-08-13 22:28:54 | INFO | REQUEST  | POST /api/meter-readings/1/approve | Body: {"admin_verified_reading": 12730}
2026-08-13 22:28:54 | ERROR | Database error – rolling back transaction: 400: Your reading differs from the tenant's submitted reading. Please give a short reason before approving.
2026-08-13 22:28:55 | INFO | POST /api/meter-readings/1/approve | Status 400 | 113ms
2026-08-13 22:28:56 | INFO | REQUEST  | POST /api/tenant/meter-readings | Body: <binary>
2026-08-13 22:28:56 | INFO | POST /api/tenant/meter-readings | Status 201 | 25ms
2026-08-13 22:28:56 | INFO | REQUEST  | POST /api/meter-readings/1/approve | Body: {"admin_verified_reading": 12732}
2026-08-13 22:28:56 | INFO | POST /api/meter-readings/1/approve | Status 200 | 24ms
2026-08-13 22:28:56 | INFO | REQUEST  | POST /api/meter-readings/1/approve | Body: {"admin_verified_reading": 12732}
2026-08-13 22:28:56 | ERROR | Database error – rolling back transaction: 409: This reading has already been approved and billed.
2026-08-13 22:28:56 | INFO | POST /api/meter-readings/1/approve | Status 409 | 19ms
2026-08-13 22:28:57 | INFO | REQUEST  | POST /api/tenant/meter-readings | Body: <binary>
2026-08-13 22:28:57 | INFO | POST /api/tenant/meter-readings | Status 201 | 34ms
2026-08-13 22:28:57 | INFO | REQUEST  | POST /api/meter-readings/1/approve | Body: {"admin_verified_reading": 12000, "override_reason": "typo test"}
2026-08-13 22:28:57 | ERROR | Database error – rolling back transaction: 400: Current reading (12000.00) is lower than the last approved reading (12450.00). Check the photo - if the meter was replaced or has rolled over, reject this reading and register a new meter instead.
2026-08-13 22:28:57 | INFO | POST /api/meter-readings/1/approve | Status 400 | 17ms
2026-08-13 22:28:59 | INFO | REQUEST  | POST /api/tenant/meter-readings | Body: <binary>
2026-08-13 22:28:59 | INFO | POST /api/tenant/meter-readings | Status 201 | 20ms
2026-08-13 22:28:59 | INFO | REQUEST  | POST /api/meter-readings/1/approve | Body: {"admin_verified_reading": 12732}
2026-08-13 22:28:59 | ERROR | Database error – rolling back transaction: 400: No unit price has been set for electricity on or before 13 Aug 2026. Add a tariff before approving this reading.
2026-08-13 22:28:59 | INFO | POST /api/meter-readings/1/approve | Status 400 | 14ms
2026-08-13 22:29:00 | INFO | REQUEST  | POST /api/tenant/meter-readings | Body: <binary>
2026-08-13 22:29:00 | INFO | POST /api/tenant/meter-readings | Status 201 | 32ms
2026-08-13 22:29:00 | INFO | REQUEST  | POST /api/meter-readings/1/approve | Body: {"admin_verified_reading": 12732}
2026-08-13 22:29:00 | INFO | POST /api/meter-readings/1/approve | Status 200 | 50ms
2026-08-13 22:29:02 | INFO | REQUEST  | POST /api/tenant/meter-readings | Body: <binary>
2026-08-13 22:29:03 | INFO | POST /api/tenant/meter-readings | Status 201 | 154ms
2026-08-13 22:29:03 | INFO | REQUEST  | POST /api/meter-readings/1/approve | Body: {"admin_verified_reading": 12732}
2026-08-13 22:29:03 | INFO | POST /api/meter-readings/1/approve | Status 200 | 238ms
2026-08-13 22:29:03 | INFO | REQUEST  | POST /api/tenant/meter-readings | Body: <binary>
2026-08-13 22:29:03 | INFO | POST /api/tenant/meter-readings | Status 201 | 242ms
2026-08-13 22:29:03 | INFO | REQUEST  | POST /api/meter-readings/2/approve | Body: {"admin_verified_reading": 13000}
2026-08-13 22:29:04 | INFO | POST /api/meter-readings/2/approve | Status 200 | 279ms
2026-08-13 22:29:07 | INFO | REQUEST  | POST /api/tenant/meter-readings | Body: <binary>
2026-08-13 22:29:08 | INFO | POST /api/tenant/meter-readings | Status 201 | 393ms
2026-08-13 22:29:08 | INFO | REQUEST  | POST /api/meter-readings/1/approve | Body: {"admin_verified_reading": 12732}
2026-08-13 22:29:08 | INFO | Reading 1 approved without a bill (auto_create_bill is off).
2026-08-13 22:29:08 | INFO | POST /api/meter-readings/1/approve | Status 200 | 341ms
2026-08-13 22:29:11 | INFO | REQUEST  | POST /api/tenant/meter-readings | Body: <binary>
2026-08-13 22:29:11 | INFO | POST /api/tenant/meter-readings | Status 201 | 119ms
2026-08-13 22:29:11 | INFO | REQUEST  | POST /api/meter-readings/1/reject | Body: {"reason": "Photo is too blurry to read."}
2026-08-13 22:29:11 | INFO | POST /api/meter-readings/1/reject | Status 200 | 97ms
2026-08-13 22:29:14 | INFO | REQUEST  | POST /api/tenant/meter-readings | Body: <binary>
2026-08-13 22:29:15 | INFO | POST /api/tenant/meter-readings | Status 201 | 122ms
2026-08-13 22:29:15 | INFO | REQUEST  | POST /api/meter-readings/1/reject | Body: {"reason": "Wrong meter photographed."}
2026-08-13 22:29:15 | INFO | POST /api/meter-readings/1/reject | Status 200 | 96ms
2026-08-13 22:29:15 | INFO | REQUEST  | GET /api/tenant/meter-readings/1 | Body: 
2026-08-13 22:29:15 | INFO | GET /api/tenant/meter-readings/1 | Status 200 | 38ms
2026-08-13 22:29:18 | INFO | REQUEST  | POST /api/tenant/meter-readings | Body: <binary>
2026-08-13 22:29:18 | INFO | POST /api/tenant/meter-readings | Status 201 | 87ms
2026-08-13 22:29:18 | INFO | REQUEST  | POST /api/meter-readings/1/reject | Body: {"reason": "Blurry"}
2026-08-13 22:29:18 | INFO | POST /api/meter-readings/1/reject | Status 200 | 84ms
2026-08-13 22:29:18 | INFO | REQUEST  | POST /api/tenant/meter-readings | Body: <binary>
2026-08-13 22:29:18 | INFO | POST /api/tenant/meter-readings | Status 201 | 262ms
2026-08-13 22:29:24 | INFO | REQUEST  | POST /api/tenant/meter-readings | Body: <binary>
2026-08-13 22:29:24 | INFO | POST /api/tenant/meter-readings | Status 201 | 260ms
2026-08-13 22:29:24 | INFO | REQUEST  | POST /api/meter-readings/1/approve | Body: {"admin_verified_reading": 12732}
2026-08-13 22:29:25 | INFO | POST /api/meter-readings/1/approve | Status 200 | 446ms
2026-08-13 22:29:25 | INFO | REQUEST  | POST /api/meter-readings/1/reject | Body: {"reason": "changed my mind"}
2026-08-13 22:29:25 | ERROR | Database error – rolling back transaction: 409: This reading has already been approved and billed. Use a bill adjustment instead of rejecting it.
2026-08-13 22:29:25 | INFO | POST /api/meter-readings/1/reject | Status 409 | 245ms
2026-08-13 22:29:29 | INFO | REQUEST  | POST /api/tenant/meter-readings | Body: <binary>
2026-08-13 22:29:29 | INFO | POST /api/tenant/meter-readings | Status 201 | 262ms
2026-08-13 22:29:29 | INFO | REQUEST  | POST /api/meter-readings/1/reject | Body: {"reason": "Blurry"}
2026-08-13 22:29:29 | INFO | POST /api/meter-readings/1/reject | Status 200 | 174ms
2026-08-13 22:29:29 | INFO | REQUEST  | POST /api/meter-readings/1/approve | Body: {"admin_verified_reading": 12732}
2026-08-13 22:29:29 | ERROR | Database error – rolling back transaction: 409: This reading was rejected. Ask the tenant to submit a new photo.
2026-08-13 22:29:30 | INFO | POST /api/meter-readings/1/approve | Status 409 | 195ms
2026-08-13 22:29:33 | INFO | REQUEST  | POST /api/tenant/meter-readings | Body: <binary>
2026-08-13 22:29:34 | INFO | POST /api/tenant/meter-readings | Status 201 | 359ms
2026-08-13 22:29:34 | INFO | REQUEST  | POST /api/meter-readings/1/approve | Body: {"admin_verified_reading": 12730, "override_reason": "Photo shows 12730"}
2026-08-13 22:29:34 | INFO | POST /api/meter-readings/1/approve | Status 200 | 311ms
2026-08-13 22:29:39 | INFO | REQUEST  | POST /api/meters | Body: {"shop_id": 1, "meter_number": "MTR-NEW", "initial_reading": 500}
2026-08-13 22:29:39 | INFO | POST /api/meters | Status 201 | 684ms
2026-08-13 22:29:40 | INFO | REQUEST  | GET /api/meters | Body: 
2026-08-13 22:29:40 | INFO | GET /api/meters | Status 200 | 165ms
2026-08-13 22:29:43 | INFO | REQUEST  | POST /api/meters | Body: {"shop_id": 1, "meter_number": "MTR-001"}
2026-08-13 22:29:43 | ERROR | Database error – rolling back transaction: 409: Meter MTR-001 already exists on this shop
2026-08-13 22:29:43 | INFO | POST /api/meters | Status 409 | 44ms
2026-08-13 22:29:45 | INFO | REQUEST  | POST /api/tenant/meter-readings | Body: <binary>
2026-08-13 22:29:45 | INFO | POST /api/tenant/meter-readings | Status 201 | 49ms
2026-08-13 22:29:45 | INFO | REQUEST  | POST /api/meter-readings/1/approve | Body: {"admin_verified_reading": 12732}
2026-08-13 22:29:45 | INFO | POST /api/meter-readings/1/approve | Status 200 | 31ms
2026-08-13 22:29:45 | INFO | REQUEST  | PUT /api/meters/1 | Body: {"initial_reading": 1}
2026-08-13 22:29:45 | ERROR | Database error – rolling back transaction: 400: Initial reading cannot be changed once this meter has approved readings.
2026-08-13 22:29:45 | INFO | PUT /api/meters/1 | Status 400 | 25ms
2026-08-13 22:29:47 | INFO | REQUEST  | POST /api/tenant/meter-readings | Body: <binary>
2026-08-13 22:29:47 | INFO | POST /api/tenant/meter-readings | Status 201 | 39ms
2026-08-13 22:29:47 | INFO | REQUEST  | POST /api/meter-readings/1/approve | Body: {"admin_verified_reading": 12732}
2026-08-13 22:29:47 | INFO | POST /api/meter-readings/1/approve | Status 200 | 29ms
2026-08-13 22:29:47 | INFO | REQUEST  | DELETE /api/meters/1 | Body: 
2026-08-13 22:29:47 | ERROR | Database error – rolling back transaction: 400: This meter has approved readings and cannot be deleted. Mark it inactive instead so its history is preserved.
2026-08-13 22:29:47 | INFO | DELETE /api/meters/1 | Status 400 | 14ms
2026-08-13 22:29:50 | INFO | REQUEST  | GET /api/tenant/meters | Body: 
2026-08-13 22:29:50 | INFO | GET /api/tenant/meters | Status 200 | 180ms
2026-08-13 22:29:50 | INFO | REQUEST  | GET /api/tenant/meters | Body: 
2026-08-13 22:29:50 | INFO | GET /api/tenant/meters | Status 200 | 67ms
2026-08-13 22:29:51 | INFO | REQUEST  | POST /api/meter-tariffs | Body: {"meter_type": "electricity", "unit_price": 8.0, "effective_from": "2026-04-01T00:00:00"}
2026-08-13 22:29:51 | INFO | POST /api/meter-tariffs | Status 201 | 82ms
2026-08-13 22:29:51 | INFO | REQUEST  | POST /api/meter-tariffs | Body: {"meter_type": "electricity", "unit_price": 9.5, "effective_from": "2026-07-01T00:00:00"}
2026-08-13 22:29:51 | INFO | POST /api/meter-tariffs | Status 201 | 67ms
2026-08-13 22:29:51 | INFO | REQUEST  | GET /api/meter-tariffs | Body: 
2026-08-13 22:29:51 | INFO | GET /api/meter-tariffs | Status 200 | 96ms
2026-08-13 22:29:53 | INFO | REQUEST  | POST /api/tenant/meter-readings | Body: <binary>
2026-08-13 22:29:53 | INFO | POST /api/tenant/meter-readings | Status 201 | 55ms
2026-08-13 22:29:53 | INFO | REQUEST  | POST /api/meter-readings/1/approve | Body: {"admin_verified_reading": 12732}
2026-08-13 22:29:53 | INFO | POST /api/meter-readings/1/approve | Status 200 | 55ms
2026-08-13 22:29:53 | INFO | REQUEST  | DELETE /api/meter-tariffs/1 | Body: 
2026-08-13 22:29:53 | ERROR | Database error – rolling back transaction: 400: This rate has already been used to bill a reading and cannot be deleted. Add a newer rate instead.
2026-08-13 22:29:53 | INFO | DELETE /api/meter-tariffs/1 | Status 400 | 25ms
2026-08-13 22:29:58 | INFO | REQUEST  | GET /api/settings | Body: 
2026-08-13 22:29:58 | INFO | GET /api/settings | Status 200 | 39ms
2026-08-13 22:29:59 | INFO | REQUEST  | PUT /api/settings | Body: {"values": {"app.name": "Gund Properties"}}
2026-08-13 22:29:59 | INFO | PUT /api/settings | Status 200 | 49ms
2026-08-13 22:29:59 | INFO | REQUEST  | GET /api/settings/public | Body: 
2026-08-13 22:29:59 | INFO | GET /api/settings/public | Status 200 | 22ms
2026-08-13 22:30:01 | INFO | REQUEST  | PUT /api/settings | Body: {"values": {"app.name": "Valid Name", "meter.photo_max_mb": 999}}
2026-08-13 22:30:01 | ERROR | Database error – rolling back transaction: 400: Max photo size must be between 1 and 50 MB
2026-08-13 22:30:01 | INFO | PUT /api/settings | Status 400 | 117ms
2026-08-13 22:30:01 | INFO | REQUEST  | GET /api/settings/public | Body: 
2026-08-13 22:30:01 | INFO | GET /api/settings/public | Status 200 | 60ms
2026-08-13 22:30:02 | INFO | REQUEST  | PUT /api/settings | Body: {"values": {"totally.made.up": "x"}}
2026-08-13 22:30:02 | ERROR | Database error – rolling back transaction: 400: Unknown setting key(s): totally.made.up
2026-08-13 22:30:02 | INFO | PUT /api/settings | Status 400 | 39ms
2026-08-13 22:30:04 | INFO | REQUEST  | PUT /api/settings | Body: {"values": {"app.name": "Temp"}}
2026-08-13 22:30:04 | INFO | PUT /api/settings | Status 200 | 22ms
2026-08-13 22:30:04 | INFO | REQUEST  | POST /api/settings/reset | Body: 
2026-08-13 22:30:04 | INFO | POST /api/settings/reset | Status 200 | 66ms
2026-08-13 22:30:04 | INFO | REQUEST  | GET /api/settings/public | Body: 
2026-08-13 22:30:04 | INFO | GET /api/settings/public | Status 200 | 12ms
2026-08-13 22:30:06 | INFO | REQUEST  | GET /api/settings | Body: 
2026-08-13 22:30:06 | ERROR | Database error – rolling back transaction: 403: Admin access required
2026-08-13 22:30:06 | INFO | GET /api/settings | Status 403 | 16ms
2026-08-13 22:30:06 | INFO | REQUEST  | PUT /api/settings | Body: {"values": {"app.name": "Hacked"}}
2026-08-13 22:30:06 | ERROR | Database error – rolling back transaction: 403: Admin access required
2026-08-13 22:30:06 | INFO | PUT /api/settings | Status 403 | 21ms
2026-08-13 22:30:07 | INFO | REQUEST  | GET /api/settings/public | Body: 
2026-08-13 22:30:07 | INFO | GET /api/settings/public | Status 200 | 16ms
2026-08-13 23:11:50 | INFO | REQUEST  | POST /api/meters | Body: {"meter_number": "SPARE-01", "initial_reading": 0}
2026-08-13 23:11:50 | INFO | POST /api/meters | Status 201 | 124ms
2026-08-13 23:11:51 | INFO | REQUEST  | POST /api/meters | Body: {"meter_number": "SPARE-01"}
2026-08-13 23:11:51 | INFO | POST /api/meters | Status 201 | 47ms
2026-08-13 23:11:51 | INFO | REQUEST  | POST /api/meters | Body: {"meter_number": "SPARE-01"}
2026-08-13 23:11:51 | ERROR | Database error – rolling back transaction: 409: An unassigned meter numbered SPARE-01 already exists
2026-08-13 23:11:51 | INFO | POST /api/meters | Status 409 | 27ms
2026-08-13 23:11:52 | INFO | REQUEST  | POST /api/meters | Body: {"meter_number": "SPARE-01"}
2026-08-13 23:11:52 | INFO | POST /api/meters | Status 201 | 22ms
2026-08-13 23:11:52 | INFO | REQUEST  | GET /api/meters | Body: 
2026-08-13 23:11:52 | INFO | GET /api/meters | Status 200 | 14ms
2026-08-13 23:11:52 | INFO | REQUEST  | GET /api/meters | Body: 
2026-08-13 23:11:52 | INFO | GET /api/meters | Status 200 | 8ms
2026-08-13 23:11:53 | INFO | REQUEST  | POST /api/meters | Body: {"meter_number": "SPARE-01"}
2026-08-13 23:11:53 | INFO | POST /api/meters | Status 201 | 28ms
2026-08-13 23:11:53 | INFO | REQUEST  | GET /api/tenant/meters | Body: 
2026-08-13 23:11:53 | INFO | GET /api/tenant/meters | Status 200 | 11ms
2026-08-13 23:11:54 | INFO | REQUEST  | POST /api/meters | Body: {"meter_number": "SPARE-01"}
2026-08-13 23:11:54 | INFO | POST /api/meters | Status 201 | 22ms
2026-08-13 23:11:54 | INFO | REQUEST  | POST /api/tenant/meter-readings | Body: <binary>
2026-08-13 23:11:54 | ERROR | Database error – rolling back transaction: 403: This meter is not on one of your shops.
2026-08-13 23:11:54 | INFO | POST /api/tenant/meter-readings | Status 403 | 20ms
2026-08-13 23:11:55 | INFO | REQUEST  | POST /api/meters | Body: {"meter_number": "SPARE-01", "initial_reading": 500}
2026-08-13 23:11:55 | INFO | POST /api/meters | Status 201 | 29ms
2026-08-13 23:11:55 | INFO | REQUEST  | GET /api/tenant/meters | Body: 
2026-08-13 23:11:55 | INFO | GET /api/tenant/meters | Status 200 | 9ms
2026-08-13 23:11:55 | INFO | REQUEST  | POST /api/meters/1/assign-shop | Body: {"shop_id": 1}
2026-08-13 23:11:55 | INFO | POST /api/meters/1/assign-shop | Status 200 | 25ms
2026-08-13 23:11:55 | INFO | REQUEST  | GET /api/tenant/meters | Body: 
2026-08-13 23:11:55 | INFO | GET /api/tenant/meters | Status 200 | 9ms
2026-08-13 23:11:56 | INFO | REQUEST  | POST /api/meters | Body: {"meter_number": "MTR-001"}
2026-08-13 23:11:56 | INFO | POST /api/meters | Status 201 | 44ms
2026-08-13 23:11:56 | INFO | REQUEST  | POST /api/meters/2/assign-shop | Body: {"shop_id": 1}
2026-08-13 23:11:56 | ERROR | Database error – rolling back transaction: 409: Shop A-101 already has a meter numbered MTR-001
2026-08-13 23:11:56 | INFO | POST /api/meters/2/assign-shop | Status 409 | 37ms
2026-08-13 23:11:58 | INFO | REQUEST  | POST /api/meters | Body: {"meter_number": "SPARE-01"}
2026-08-13 23:11:58 | INFO | POST /api/meters | Status 201 | 49ms
2026-08-13 23:11:58 | INFO | REQUEST  | POST /api/meters/1/assign-shop | Body: {"shop_id": 9999}
2026-08-13 23:11:59 | ERROR | Database error – rolling back transaction: 404: Shop not found
2026-08-13 23:11:59 | INFO | POST /api/meters/1/assign-shop | Status 404 | 34ms
2026-08-13 23:12:00 | INFO | REQUEST  | POST /api/meters/1/unassign | Body: 
2026-08-13 23:12:00 | INFO | POST /api/meters/1/unassign | Status 200 | 33ms
2026-08-13 23:12:00 | INFO | REQUEST  | GET /api/tenant/meters | Body: 
2026-08-13 23:12:00 | INFO | GET /api/tenant/meters | Status 200 | 8ms
2026-08-13 23:12:01 | INFO | REQUEST  | POST /api/tenant/meter-readings | Body: <binary>
2026-08-13 23:12:01 | INFO | POST /api/tenant/meter-readings | Status 201 | 39ms
2026-08-13 23:12:01 | INFO | REQUEST  | POST /api/meters/1/unassign | Body: 
2026-08-13 23:12:01 | ERROR | Database error – rolling back transaction: 400: A reading for this meter is waiting for review. Approve or reject it before removing the meter from the shop.
2026-08-13 23:12:01 | INFO | POST /api/meters/1/unassign | Status 400 | 11ms
2026-08-13 23:12:02 | INFO | REQUEST  | POST /api/tenant/meter-readings | Body: <binary>
2026-08-13 23:12:02 | INFO | POST /api/tenant/meter-readings | Status 201 | 53ms
2026-08-13 23:12:02 | INFO | REQUEST  | POST /api/meter-readings/1/approve | Body: {"admin_verified_reading": 12732}
2026-08-13 23:12:02 | INFO | POST /api/meter-readings/1/approve | Status 200 | 50ms
2026-08-13 23:12:02 | INFO | REQUEST  | POST /api/meters/1/unassign | Body: 
2026-08-13 23:12:02 | INFO | POST /api/meters/1/unassign | Status 200 | 23ms
2026-08-13 23:12:03 | INFO | REQUEST  | POST /api/tenant/meter-readings | Body: <binary>
2026-08-13 23:12:03 | INFO | POST /api/tenant/meter-readings | Status 201 | 59ms
2026-08-13 23:12:03 | INFO | REQUEST  | POST /api/meter-readings/1/approve | Body: {"admin_verified_reading": 12732}
2026-08-13 23:12:03 | INFO | POST /api/meter-readings/1/approve | Status 200 | 42ms
2026-08-13 23:12:03 | INFO | REQUEST  | POST /api/meters/1/assign-shop | Body: {"shop_id": 2}
2026-08-13 23:12:03 | ERROR | Database error – rolling back transaction: 400: This meter already has approved readings billed to its current shop, so it can't be moved. Add a new meter on the other shop instead.
2026-08-13 23:12:03 | INFO | POST /api/meters/1/assign-shop | Status 400 | 25ms
2026-08-13 23:12:05 | INFO | REQUEST  | POST /api/meters/1/assign-shop | Body: {"shop_id": 1}
2026-08-13 23:12:05 | ERROR | Database error – rolling back transaction: 400: This meter is already on shop A-101
2026-08-13 23:12:05 | INFO | POST /api/meters/1/assign-shop | Status 400 | 12ms
2026-08-13 23:12:05 | INFO | REQUEST  | POST /api/meters/1/assign-shop | Body: {"shop_id": 1}
2026-08-13 23:12:05 | ERROR | Database error – rolling back transaction: 403: Admin access required
2026-08-13 23:12:05 | INFO | POST /api/meters/1/assign-shop | Status 403 | 8ms
2026-08-13 23:12:05 | INFO | REQUEST  | POST /api/meters/1/unassign | Body: 
2026-08-13 23:12:05 | ERROR | Database error – rolling back transaction: 403: Admin access required
2026-08-13 23:12:05 | INFO | POST /api/meters/1/unassign | Status 403 | 8ms
2026-08-13 23:12:07 | INFO | REQUEST  | GET /api/meters/1 | Body: 
2026-08-13 23:12:07 | INFO | GET /api/meters/1 | Status 200 | 9ms
2026-08-13 23:12:08 | INFO | REQUEST  | POST /api/tenant/meter-readings | Body: <binary>
2026-08-13 23:12:08 | INFO | POST /api/tenant/meter-readings | Status 201 | 24ms
2026-08-13 23:12:08 | INFO | REQUEST  | GET /api/meters/1 | Body: 
2026-08-13 23:12:08 | INFO | GET /api/meters/1 | Status 200 | 14ms
2026-08-13 23:12:08 | INFO | REQUEST  | POST /api/meter-readings/1/approve | Body: {"admin_verified_reading": 12732}
2026-08-13 23:12:08 | INFO | POST /api/meter-readings/1/approve | Status 200 | 21ms
2026-08-13 23:12:08 | INFO | REQUEST  | GET /api/meters/1 | Body: 
2026-08-13 23:12:08 | INFO | GET /api/meters/1 | Status 200 | 10ms
2026-08-13 23:12:09 | INFO | REQUEST  | GET /api/meters/1/history | Body: 
2026-08-13 23:12:09 | INFO | GET /api/meters/1/history | Status 200 | 16ms
2026-08-13 23:12:10 | INFO | REQUEST  | POST /api/tenant/meter-readings | Body: <binary>
2026-08-13 23:12:10 | INFO | POST /api/tenant/meter-readings | Status 201 | 23ms
2026-08-13 23:12:10 | INFO | REQUEST  | POST /api/meter-readings/1/approve | Body: {"admin_verified_reading": 12732}
2026-08-13 23:12:10 | INFO | POST /api/meter-readings/1/approve | Status 200 | 24ms
2026-08-13 23:12:10 | INFO | REQUEST  | POST /api/tenant/meter-readings | Body: <binary>
2026-08-13 23:12:10 | INFO | POST /api/tenant/meter-readings | Status 201 | 21ms
2026-08-13 23:12:10 | INFO | REQUEST  | POST /api/meter-readings/2/reject | Body: {"reason": "Blurry"}
2026-08-13 23:12:10 | INFO | POST /api/meter-readings/2/reject | Status 200 | 44ms
2026-08-13 23:12:10 | INFO | REQUEST  | POST /api/tenant/meter-readings | Body: <binary>
2026-08-13 23:12:10 | INFO | POST /api/tenant/meter-readings | Status 201 | 39ms
2026-08-13 23:12:10 | INFO | REQUEST  | GET /api/meters/1/history | Body: 
2026-08-13 23:12:10 | INFO | GET /api/meters/1/history | Status 200 | 33ms
2026-08-13 23:12:11 | INFO | REQUEST  | POST /api/tenant/meter-readings | Body: <binary>
2026-08-13 23:12:11 | INFO | POST /api/tenant/meter-readings | Status 201 | 44ms
2026-08-13 23:12:11 | INFO | REQUEST  | POST /api/meter-readings/1/approve | Body: {"admin_verified_reading": 12730, "override_reason": "Photo shows 12730"}
2026-08-13 23:12:11 | INFO | POST /api/meter-readings/1/approve | Status 200 | 24ms
2026-08-13 23:12:11 | INFO | REQUEST  | GET /api/meters/1/history | Body: 
2026-08-13 23:12:11 | INFO | GET /api/meters/1/history | Status 200 | 16ms
2026-08-13 23:12:13 | INFO | REQUEST  | GET /api/meters/1/history | Body: 
2026-08-13 23:12:13 | ERROR | Database error – rolling back transaction: 403: Admin access required
2026-08-13 23:12:13 | INFO | GET /api/meters/1/history | Status 403 | 22ms
2026-08-13 23:12:14 | INFO | REQUEST  | GET /api/meters/9999/history | Body: 
2026-08-13 23:12:14 | ERROR | Database error – rolling back transaction: 404: Meter not found
2026-08-13 23:12:14 | INFO | GET /api/meters/9999/history | Status 404 | 39ms
2026-08-13 23:12:15 | INFO | REQUEST  | POST /api/shop | Body: {"shop_number": "D-404", "area_sqft": 300, "shop_rent": 9000, "shop_deposit": 45000}
2026-08-13 23:12:15 | INFO | POST /api/shop | Status 201 | 23ms
2026-08-13 23:12:15 | INFO | REQUEST  | POST /api/meters | Body: {"shop_id": 1, "meter_number": "MTR-404", "meter_type": "electricity", "initial_reading": 100}
2026-08-13 23:12:15 | INFO | POST /api/meters | Status 201 | 23ms
2026-08-13 23:12:16 | INFO | REQUEST  | POST /api/meters | Body: {"shop_id": 1, "meter_number": "MTR-002", "initial_reading": 0}
2026-08-13 23:12:16 | INFO | POST /api/meters | Status 201 | 25ms
2026-08-13 23:12:16 | INFO | REQUEST  | GET /api/meters | Body: 
2026-08-13 23:12:16 | INFO | GET /api/meters | Status 200 | 15ms
2026-08-13 23:12:17 | INFO | REQUEST  | POST /api/meters | Body: {"shop_id": 1, "meter_number": "MTR-002", "initial_reading": 0}
2026-08-13 23:12:17 | INFO | POST /api/meters | Status 201 | 22ms
2026-08-13 23:12:17 | INFO | REQUEST  | GET /api/tenant/meters | Body: 
2026-08-13 23:12:17 | INFO | GET /api/tenant/meters | Status 200 | 8ms
2026-08-13 23:12:25 | INFO | REQUEST  | POST /api/login | Body: {"mobile": "9000000001", "password": "admin123"}
2026-08-13 23:12:26 | INFO | LOGIN | user_id=1 | mobile=9000000001 | role=admin
2026-08-13 23:12:26 | INFO | POST /api/login | Status 200 | 279ms
2026-08-13 23:12:26 | INFO | REQUEST  | POST /api/login | Body: {"mobile": "9000000001", "password": "wrong"}
2026-08-13 23:12:27 | ERROR | Database error – rolling back transaction: 401: Invalid mobile or password
2026-08-13 23:12:27 | INFO | POST /api/login | Status 401 | 274ms
2026-08-13 23:12:27 | INFO | REQUEST  | GET /api/complex | Body: 
2026-08-13 23:12:27 | ERROR | Database error – rolling back transaction: 403: Not authenticated
2026-08-13 23:12:27 | INFO | GET /api/complex | Status 403 | 11ms
2026-08-13 23:12:28 | INFO | REQUEST  | GET /api/complex | Body: 
2026-08-13 23:12:28 | ERROR | Database error – rolling back transaction: 403: Admin access required
2026-08-13 23:12:28 | INFO | GET /api/complex | Status 403 | 19ms
2026-08-13 23:12:28 | INFO | REQUEST  | GET /api/user | Body: 
2026-08-13 23:12:28 | ERROR | Database error – rolling back transaction: 403: Admin access required
2026-08-13 23:12:28 | INFO | GET /api/user | Status 403 | 27ms
2026-08-13 23:12:29 | INFO | REQUEST  | POST /api/complex | Body: {"name": "Sunrise Plaza", "address": "MG Road"}
2026-08-13 23:12:29 | INFO | POST /api/complex | Status 201 | 22ms
2026-08-13 23:12:29 | INFO | REQUEST  | GET /api/complex | Body: 
2026-08-13 23:12:29 | INFO | GET /api/complex | Status 200 | 7ms
2026-08-13 23:12:30 | INFO | REQUEST  | POST /api/shop | Body: {"shop_number": "C-303", "shop_rent": 12000, "shop_deposit": 60000}
2026-08-13 23:12:30 | INFO | POST /api/shop | Status 201 | 31ms
2026-08-13 23:12:30 | INFO | REQUEST  | GET /api/shop | Body: 
2026-08-13 23:12:30 | INFO | GET /api/shop | Status 200 | 8ms
2026-08-13 23:12:31 | INFO | REQUEST  | POST /api/user | Body: {"name": "New Tenant", "mobile": "9111111111", "password": "secret123", "role": "tenant"}
2026-08-13 23:12:31 | INFO | POST /api/user | Status 201 | 251ms
2026-08-13 23:12:31 | INFO | REQUEST  | GET /api/user | Body: 
2026-08-13 23:12:31 | INFO | GET /api/user | Status 200 | 14ms
2026-08-13 23:12:32 | INFO | REQUEST  | POST /api/bill | Body: {"user_id": 2, "shop_id": 1, "bill_type": "Rent", "amount": 1, "bill_date": "2026-06-01T00:00:00"}
2026-08-13 23:12:32 | INFO | POST /api/bill | Status 201 | 26ms
2026-08-13 23:12:33 | INFO | REQUEST  | POST /api/bill | Body: {"user_id": 2, "shop_id": 1, "bill_type": "Rent", "bill_date": "2026-06-01T00:00:00"}
2026-08-13 23:12:33 | INFO | POST /api/bill | Status 201 | 35ms
2026-08-13 23:12:33 | INFO | REQUEST  | POST /api/payment | Body: {"bill_id": 1, "amount": 4000, "payment_method": "Cash"}
2026-08-13 23:12:33 | INFO | POST /api/payment | Status 201 | 42ms
2026-08-13 23:12:34 | INFO | REQUEST  | POST /api/bill | Body: {"user_id": 2, "shop_id": 1, "bill_type": "Maintenance", "amount": 5000}
2026-08-13 23:12:34 | INFO | POST /api/bill | Status 201 | 22ms
2026-08-13 23:12:34 | INFO | REQUEST  | POST /api/payment | Body: {"bill_id": 1, "amount": 5000, "payment_method": "UPI"}
2026-08-13 23:12:34 | INFO | POST /api/payment | Status 201 | 22ms
2026-08-13 23:12:35 | INFO | REQUEST  | POST /api/bill | Body: {"user_id": 2, "shop_id": 1, "bill_type": "Maintenance", "amount": 1000}
2026-08-13 23:12:36 | INFO | POST /api/bill | Status 201 | 22ms
2026-08-13 23:12:36 | INFO | REQUEST  | POST /api/payment | Body: {"bill_id": 1, "amount": 1000, "payment_method": "Cash"}
2026-08-13 23:12:36 | INFO | POST /api/payment | Status 201 | 22ms
2026-08-13 23:12:36 | INFO | REQUEST  | POST /api/payment | Body: {"bill_id": 1, "amount": 500, "payment_method": "Cash"}
2026-08-13 23:12:36 | ERROR | Database error – rolling back transaction: 400: Bill is already fully paid
2026-08-13 23:12:36 | INFO | POST /api/payment | Status 400 | 10ms
2026-08-13 23:12:36 | INFO | REQUEST  | GET /api/bill | Body: 
2026-08-13 23:12:36 | INFO | GET /api/bill | Status 200 | 6ms
2026-08-13 23:12:36 | INFO | REQUEST  | GET /api/payment | Body: 
2026-08-13 23:12:36 | INFO | GET /api/payment | Status 200 | 8ms
2026-08-13 23:12:36 | INFO | REQUEST  | GET /api/bills | Body: 
2026-08-13 23:12:36 | INFO | GET /api/bills | Status 200 | 70ms
2026-08-13 23:12:36 | INFO | REQUEST  | GET /api/payments | Body: 
2026-08-13 23:12:36 | INFO | GET /api/payments | Status 200 | 12ms
2026-08-13 23:12:37 | INFO | REQUEST  | GET /api/reports/summary | Body: 
2026-08-13 23:12:37 | INFO | GET /api/reports/summary | Status 200 | 15ms
2026-08-13 23:12:37 | INFO | REQUEST  | GET /api/reports/business-overview | Body: 
2026-08-13 23:12:37 | INFO | GET /api/reports/business-overview | Status 200 | 29ms
2026-08-13 23:12:37 | INFO | REQUEST  | GET /api/reports/occupancy | Body: 
2026-08-13 23:12:37 | INFO | GET /api/reports/occupancy | Status 200 | 8ms
2026-08-13 23:12:37 | INFO | REQUEST  | GET /api/reports/deposit | Body: 
2026-08-13 23:12:37 | INFO | GET /api/reports/deposit | Status 200 | 24ms
2026-08-13 23:12:37 | INFO | REQUEST  | GET /api/reports/rent-collection | Body: 
2026-08-13 23:12:37 | INFO | GET /api/reports/rent-collection | Status 200 | 7ms
2026-08-13 23:12:37 | INFO | REQUEST  | GET /api/reports/user-wise | Body: 
2026-08-13 23:12:37 | INFO | GET /api/reports/user-wise | Status 200 | 11ms
2026-08-13 23:12:37 | INFO | REQUEST  | GET /api/dashboard/kpis | Body: 
2026-08-13 23:12:37 | INFO | GET /api/dashboard/kpis | Status 200 | 16ms
2026-08-13 23:12:37 | INFO | REQUEST  | GET /api/finance/overview | Body: 
2026-08-13 23:12:37 | INFO | GET /api/finance/overview | Status 200 | 23ms
2026-08-13 23:12:38 | INFO | REQUEST  | GET /api/audit-logs | Body: 
2026-08-13 23:12:38 | INFO | GET /api/audit-logs | Status 200 | 16ms
2026-08-13 23:12:39 | INFO | REQUEST  | GET /api/search | Body: 
2026-08-13 23:12:39 | INFO | GET /api/search | Status 200 | 13ms
2026-08-13 23:12:40 | INFO | REQUEST  | GET /api/tenant/profile | Body: 
2026-08-13 23:12:40 | INFO | GET /api/tenant/profile | Status 200 | 12ms
2026-08-13 23:12:40 | INFO | REQUEST  | GET /api/tenant/shops | Body: 
2026-08-13 23:12:40 | INFO | GET /api/tenant/shops | Status 200 | 16ms
2026-08-13 23:12:40 | INFO | REQUEST  | GET /api/tenant/bills | Body: 
2026-08-13 23:12:40 | INFO | GET /api/tenant/bills | Status 200 | 11ms
2026-08-13 23:12:40 | INFO | REQUEST  | GET /api/tenant/payments | Body: 
2026-08-13 23:12:40 | INFO | GET /api/tenant/payments | Status 200 | 6ms
2026-08-13 23:12:40 | INFO | REQUEST  | GET /api/tenant/financial-summary | Body: 
2026-08-13 23:12:40 | INFO | GET /api/tenant/financial-summary | Status 200 | 13ms
2026-08-13 23:12:41 | INFO | REQUEST  | POST /api/bill | Body: {"user_id": 2, "shop_id": 1, "bill_type": "Maintenance", "amount": 1000}
2026-08-13 23:12:41 | INFO | POST /api/bill | Status 201 | 22ms
2026-08-13 23:12:41 | INFO | REQUEST  | POST /api/bill | Body: {"user_id": 3, "shop_id": 2, "bill_type": "Maintenance", "amount": 2000}
2026-08-13 23:12:41 | INFO | POST /api/bill | Status 201 | 17ms
2026-08-13 23:12:41 | INFO | REQUEST  | GET /api/tenant/bills | Body: 
2026-08-13 23:12:41 | INFO | GET /api/tenant/bills | Status 200 | 6ms
2026-08-13 23:12:42 | INFO | REQUEST  | POST /api/bills/generate-rent | Body: 
2026-08-13 23:12:42 | INFO | POST /api/bills/generate-rent | Status 200 | 48ms
2026-08-13 23:12:42 | INFO | REQUEST  | POST /api/bills/generate-rent | Body: 
2026-08-13 23:12:42 | INFO | POST /api/bills/generate-rent | Status 200 | 11ms
2026-08-13 23:12:44 | INFO | REQUEST  | POST /api/tenant/meter-readings | Body: <binary>
2026-08-13 23:12:44 | INFO | POST /api/tenant/meter-readings | Status 201 | 34ms
2026-08-13 23:12:44 | INFO | REQUEST  | POST /api/meter-readings/1/approve | Body: {"admin_verified_reading": 12732}
2026-08-13 23:12:44 | INFO | POST /api/meter-readings/1/approve | Status 200 | 32ms
2026-08-13 23:12:44 | INFO | REQUEST  | GET /api/bill | Body: 
2026-08-13 23:12:44 | INFO | GET /api/bill | Status 200 | 13ms
2026-08-13 23:12:44 | INFO | REQUEST  | GET /api/tenant/bills | Body: 
2026-08-13 23:12:44 | INFO | GET /api/tenant/bills | Status 200 | 16ms
2026-08-13 23:12:45 | INFO | REQUEST  | POST /api/tenant/meter-readings | Body: <binary>
2026-08-13 23:12:45 | INFO | POST /api/tenant/meter-readings | Status 201 | 23ms
2026-08-13 23:12:45 | INFO | REQUEST  | POST /api/meter-readings/1/approve | Body: {"admin_verified_reading": 12732}
2026-08-13 23:12:45 | INFO | POST /api/meter-readings/1/approve | Status 200 | 46ms
2026-08-13 23:12:45 | INFO | REQUEST  | POST /api/payment | Body: {"bill_id": 1, "amount": 2679, "payment_method": "Cash"}
2026-08-13 23:12:45 | INFO | POST /api/payment | Status 201 | 34ms
2026-08-13 23:12:50 | INFO | REQUEST  | POST /api/tenant/meter-readings | Body: <binary>
2026-08-13 23:12:50 | INFO | POST /api/tenant/meter-readings | Status 201 | 34ms
2026-08-13 23:12:51 | INFO | REQUEST  | POST /api/tenant/meter-readings | Body: <binary>
2026-08-13 23:12:51 | INFO | POST /api/tenant/meter-readings | Status 201 | 21ms
2026-08-13 23:12:52 | INFO | REQUEST  | POST /api/tenant/meter-readings | Body: <binary>
2026-08-13 23:12:52 | ERROR | Database error – rolling back transaction: 400: The reading you entered (12000.0) is lower than the last approved reading (12450.00). Please check the meter and try again.
2026-08-13 23:12:52 | INFO | POST /api/tenant/meter-readings | Status 400 | 23ms
2026-08-13 23:12:53 | INFO | REQUEST  | POST /api/tenant/meter-readings | Body: <binary>
2026-08-13 23:12:53 | ERROR | Database error – rolling back transaction: 400: That file does not look like a photo. Please upload a JPG, PNG or WebP image.
2026-08-13 23:12:53 | INFO | POST /api/tenant/meter-readings | Status 400 | 18ms
2026-08-13 23:12:53 | INFO | REQUEST  | POST /api/tenant/meter-readings | Body: <binary>
2026-08-13 23:12:54 | ERROR | Database error – rolling back transaction: 400: The photo appears to be corrupted or incomplete.
2026-08-13 23:12:54 | INFO | POST /api/tenant/meter-readings | Status 400 | 29ms
2026-08-13 23:12:54 | INFO | REQUEST  | POST /api/tenant/meter-readings | Body: <binary>
2026-08-13 23:12:54 | INFO | POST /api/tenant/meter-readings | Status 201 | 23ms
2026-08-13 23:12:55 | INFO | REQUEST  | POST /api/tenant/meter-readings | Body: <binary>
2026-08-13 23:12:55 | ERROR | Database error – rolling back transaction: 400: Photo is 2.0 MB, which is over the 1 MB limit. Please take the photo at a lower resolution or compress it.
2026-08-13 23:12:55 | INFO | POST /api/tenant/meter-readings | Status 400 | 23ms
2026-08-13 23:12:56 | INFO | REQUEST  | POST /api/tenant/meter-readings | Body: meter_id=1&customer_reading=12732
2026-08-13 23:12:56 | ERROR | Database error – rolling back transaction: 400: A photo of the meter is required.
2026-08-13 23:12:56 | INFO | POST /api/tenant/meter-readings | Status 400 | 15ms
2026-08-13 23:12:57 | INFO | REQUEST  | POST /api/tenant/meter-readings | Body: <binary>
2026-08-13 23:12:58 | INFO | POST /api/tenant/meter-readings | Status 201 | 193ms
2026-08-13 23:12:58 | INFO | REQUEST  | POST /api/tenant/meter-readings | Body: <binary>
2026-08-13 23:12:58 | ERROR | Database error – rolling back transaction: 409: A reading for this meter is already waiting for admin review. Please wait for it to be checked before sending another.
2026-08-13 23:12:58 | INFO | POST /api/tenant/meter-readings | Status 409 | 141ms
2026-08-13 23:12:59 | INFO | REQUEST  | POST /api/tenant/meter-readings | Body: <binary>
2026-08-13 23:12:59 | ERROR | Database error – rolling back transaction: 403: This meter is not on one of your shops.
2026-08-13 23:12:59 | INFO | POST /api/tenant/meter-readings | Status 403 | 13ms
2026-08-13 23:13:00 | INFO | REQUEST  | POST /api/tenant/meter-readings | Body: <binary>
2026-08-13 23:13:00 | INFO | POST /api/tenant/meter-readings | Status 201 | 26ms
2026-08-13 23:13:00 | INFO | REQUEST  | GET /api/tenant/meter-readings/1 | Body: 
2026-08-13 23:13:00 | INFO | GET /api/tenant/meter-readings/1 | Status 200 | 9ms
2026-08-13 23:13:00 | INFO | REQUEST  | GET /api/tenant/meter-readings/1 | Body: 
2026-08-13 23:13:00 | ERROR | Database error – rolling back transaction: 404: Reading not found
2026-08-13 23:13:00 | INFO | GET /api/tenant/meter-readings/1 | Status 404 | 10ms
2026-08-13 23:13:01 | INFO | REQUEST  | POST /api/tenant/meter-readings | Body: <binary>
2026-08-13 23:13:01 | INFO | POST /api/tenant/meter-readings | Status 201 | 25ms
2026-08-13 23:13:01 | INFO | REQUEST  | GET /api/meter-readings/1/photo | Body: 
2026-08-13 23:13:01 | INFO | GET /api/meter-readings/1/photo | Status 200 | 6ms
2026-08-13 23:13:01 | INFO | REQUEST  | GET /api/meter-readings/1/photo | Body: 
2026-08-13 23:13:02 | ERROR | Database error – rolling back transaction: 404: Reading not found
2026-08-13 23:13:02 | INFO | GET /api/meter-readings/1/photo | Status 404 | 9ms
2026-08-13 23:13:03 | INFO | REQUEST  | POST /api/tenant/meter-readings | Body: <binary>
2026-08-13 23:13:03 | INFO | POST /api/tenant/meter-readings | Status 201 | 38ms
2026-08-13 23:13:03 | INFO | REQUEST  | GET /api/meter-readings/1/photo | Body: 
2026-08-13 23:13:03 | INFO | GET /api/meter-readings/1/photo | Status 200 | 9ms
2026-08-13 23:13:03 | INFO | REQUEST  | POST /api/tenant/meter-readings | Body: <binary>
2026-08-13 23:13:03 | INFO | POST /api/tenant/meter-readings | Status 201 | 25ms
2026-08-13 23:13:03 | INFO | REQUEST  | POST /api/meter-readings/1/approve | Body: {"admin_verified_reading": 12732}
2026-08-13 23:13:03 | ERROR | Database error – rolling back transaction: 403: Admin access required
2026-08-13 23:13:03 | INFO | POST /api/meter-readings/1/approve | Status 403 | 34ms
2026-08-13 23:13:04 | INFO | REQUEST  | GET /api/meter-readings | Body: 
2026-08-13 23:13:04 | ERROR | Database error – rolling back transaction: 403: Admin access required
2026-08-13 23:13:04 | INFO | GET /api/meter-readings | Status 403 | 9ms
2026-08-13 23:13:05 | INFO | REQUEST  | GET /api/meters | Body: 
2026-08-13 23:13:05 | ERROR | Database error – rolling back transaction: 403: Admin access required
2026-08-13 23:13:05 | INFO | GET /api/meters | Status 403 | 9ms
2026-08-13 23:13:05 | INFO | REQUEST  | POST /api/meters | Body: {"shop_id": 1, "meter_number": "X"}
2026-08-13 23:13:05 | ERROR | Database error – rolling back transaction: 403: Admin access required
2026-08-13 23:13:05 | INFO | POST /api/meters | Status 403 | 17ms
2026-08-13 23:13:05 | INFO | REQUEST  | GET /api/meter-tariffs | Body: 
2026-08-13 23:13:05 | ERROR | Database error – rolling back transaction: 403: Admin access required
2026-08-13 23:13:05 | INFO | GET /api/meter-tariffs | Status 403 | 9ms
2026-08-13 23:13:06 | INFO | REQUEST  | GET /api/meter-readings | Body: 
2026-08-13 23:13:06 | ERROR | Database error – rolling back transaction: 403: Not authenticated
2026-08-13 23:13:06 | INFO | GET /api/meter-readings | Status 403 | 24ms
2026-08-13 23:13:06 | INFO | REQUEST  | GET /api/tenant/meters | Body: 
2026-08-13 23:13:06 | ERROR | Database error – rolling back transaction: 403: Not authenticated
2026-08-13 23:13:06 | INFO | GET /api/tenant/meters | Status 403 | 23ms
2026-08-13 23:13:07 | INFO | REQUEST  | POST /api/tenant/meter-readings | Body: <binary>
2026-08-13 23:13:07 | INFO | POST /api/tenant/meter-readings | Status 201 | 21ms
2026-08-13 23:13:07 | INFO | REQUEST  | GET /api/meter-readings/1 | Body: 
2026-08-13 23:13:07 | INFO | GET /api/meter-readings/1 | Status 200 | 9ms
2026-08-13 23:13:08 | INFO | REQUEST  | POST /api/tenant/meter-readings | Body: <binary>
2026-08-13 23:13:08 | INFO | POST /api/tenant/meter-readings | Status 201 | 43ms
2026-08-13 23:13:08 | INFO | REQUEST  | POST /api/meter-readings/1/preview | Body: {"admin_verified_reading": 12730}
2026-08-13 23:13:08 | INFO | POST /api/meter-readings/1/preview | Status 200 | 18ms
2026-08-13 23:13:09 | INFO | REQUEST  | POST /api/tenant/meter-readings | Body: <binary>
2026-08-13 23:13:09 | INFO | POST /api/tenant/meter-readings | Status 201 | 23ms
2026-08-13 23:13:09 | INFO | REQUEST  | POST /api/meter-readings/1/preview | Body: {"admin_verified_reading": 12000}
2026-08-13 23:13:09 | INFO | POST /api/meter-readings/1/preview | Status 200 | 5ms
2026-08-13 23:13:10 | INFO | REQUEST  | POST /api/tenant/meter-readings | Body: <binary>
2026-08-13 23:13:10 | INFO | POST /api/tenant/meter-readings | Status 201 | 56ms
2026-08-13 23:13:10 | INFO | REQUEST  | POST /api/meter-readings/1/preview | Body: {"admin_verified_reading": 12732}
2026-08-13 23:13:10 | INFO | POST /api/meter-readings/1/preview | Status 200 | 26ms
2026-08-13 23:13:12 | INFO | REQUEST  | POST /api/tenant/meter-readings | Body: <binary>
2026-08-13 23:13:12 | INFO | POST /api/tenant/meter-readings | Status 201 | 45ms
2026-08-13 23:13:12 | INFO | REQUEST  | POST /api/meter-readings/1/preview | Body: {"admin_verified_reading": 12450}
2026-08-13 23:13:12 | INFO | POST /api/meter-readings/1/preview | Status 200 | 15ms
2026-08-13 23:13:13 | INFO | REQUEST  | POST /api/tenant/meter-readings | Body: <binary>
2026-08-13 23:13:13 | INFO | POST /api/tenant/meter-readings | Status 201 | 33ms
2026-08-13 23:13:13 | INFO | REQUEST  | POST /api/meter-readings/1/preview | Body: {"admin_verified_reading": 19450}
2026-08-13 23:13:13 | INFO | POST /api/meter-readings/1/preview | Status 200 | 15ms
2026-08-13 23:13:14 | INFO | REQUEST  | POST /api/tenant/meter-readings | Body: <binary>
2026-08-13 23:13:14 | INFO | POST /api/tenant/meter-readings | Status 201 | 23ms
2026-08-13 23:13:14 | INFO | REQUEST  | PATCH /api/meter-readings/1/verify | Body: {"admin_verified_reading": 12730}
2026-08-13 23:13:14 | INFO | PATCH /api/meter-readings/1/verify | Status 200 | 19ms
2026-08-13 23:13:15 | INFO | REQUEST  | POST /api/tenant/meter-readings | Body: <binary>
2026-08-13 23:13:15 | INFO | POST /api/tenant/meter-readings | Status 201 | 25ms
2026-08-13 23:13:15 | INFO | REQUEST  | POST /api/meter-readings/1/approve | Body: {"admin_verified_reading": 12732}
2026-08-13 23:13:15 | INFO | POST /api/meter-readings/1/approve | Status 200 | 22ms
2026-08-13 23:13:16 | INFO | REQUEST  | POST /api/tenant/meter-readings | Body: <binary>
2026-08-13 23:13:16 | INFO | POST /api/tenant/meter-readings | Status 201 | 32ms
2026-08-13 23:13:16 | INFO | REQUEST  | POST /api/meter-readings/1/approve | Body: {"admin_verified_reading": 12730, "override_reason": "Photo clearly shows 12730."}
2026-08-13 23:13:16 | INFO | POST /api/meter-readings/1/approve | Status 200 | 28ms
2026-08-13 23:13:17 | INFO | REQUEST  | POST /api/tenant/meter-readings | Body: <binary>
2026-08-13 23:13:17 | INFO | POST /api/tenant/meter-readings | Status 201 | 44ms
2026-08-13 23:13:17 | INFO | REQUEST  | POST /api/meter-readings/1/approve | Body: {"admin_verified_reading": 12730}
2026-08-13 23:13:18 | ERROR | Database error – rolling back transaction: 400: Your reading differs from the tenant's submitted reading. Please give a short reason before approving.
2026-08-13 23:13:18 | INFO | POST /api/meter-readings/1/approve | Status 400 | 37ms
2026-08-13 23:13:19 | INFO | REQUEST  | POST /api/tenant/meter-readings | Body: <binary>
2026-08-13 23:13:19 | INFO | POST /api/tenant/meter-readings | Status 201 | 39ms
2026-08-13 23:13:19 | INFO | REQUEST  | POST /api/meter-readings/1/approve | Body: {"admin_verified_reading": 12732}
2026-08-13 23:13:19 | INFO | POST /api/meter-readings/1/approve | Status 200 | 114ms
2026-08-13 23:13:19 | INFO | REQUEST  | POST /api/meter-readings/1/approve | Body: {"admin_verified_reading": 12732}
2026-08-13 23:13:19 | ERROR | Database error – rolling back transaction: 409: This reading has already been approved and billed.
2026-08-13 23:13:19 | INFO | POST /api/meter-readings/1/approve | Status 409 | 62ms
2026-08-13 23:13:20 | INFO | REQUEST  | POST /api/tenant/meter-readings | Body: <binary>
2026-08-13 23:13:20 | INFO | POST /api/tenant/meter-readings | Status 201 | 29ms
2026-08-13 23:13:20 | INFO | REQUEST  | POST /api/meter-readings/1/approve | Body: {"admin_verified_reading": 12000, "override_reason": "typo test"}
2026-08-13 23:13:20 | ERROR | Database error – rolling back transaction: 400: Current reading (12000.00) is lower than the last approved reading (12450.00). Check the photo - if the meter was replaced or has rolled over, reject this reading and register a new meter instead.
2026-08-13 23:13:21 | INFO | POST /api/meter-readings/1/approve | Status 400 | 12ms
2026-08-13 23:13:22 | INFO | REQUEST  | POST /api/tenant/meter-readings | Body: <binary>
2026-08-13 23:13:22 | INFO | POST /api/tenant/meter-readings | Status 201 | 27ms
2026-08-13 23:13:22 | INFO | REQUEST  | POST /api/meter-readings/1/approve | Body: {"admin_verified_reading": 12732}
2026-08-13 23:13:22 | ERROR | Database error – rolling back transaction: 400: No unit price has been set for electricity on or before 13 Aug 2026. Add a tariff before approving this reading.
2026-08-13 23:13:22 | INFO | POST /api/meter-readings/1/approve | Status 400 | 22ms
2026-08-13 23:13:23 | INFO | REQUEST  | POST /api/tenant/meter-readings | Body: <binary>
2026-08-13 23:13:23 | INFO | POST /api/tenant/meter-readings | Status 201 | 46ms
2026-08-13 23:13:23 | INFO | REQUEST  | POST /api/meter-readings/1/approve | Body: {"admin_verified_reading": 12732}
2026-08-13 23:13:23 | INFO | POST /api/meter-readings/1/approve | Status 200 | 63ms
2026-08-13 23:13:24 | INFO | REQUEST  | POST /api/tenant/meter-readings | Body: <binary>
2026-08-13 23:13:24 | INFO | POST /api/tenant/meter-readings | Status 201 | 44ms
2026-08-13 23:13:24 | INFO | REQUEST  | POST /api/meter-readings/1/approve | Body: {"admin_verified_reading": 12732}
2026-08-13 23:13:24 | INFO | POST /api/meter-readings/1/approve | Status 200 | 53ms
2026-08-13 23:13:24 | INFO | REQUEST  | POST /api/tenant/meter-readings | Body: <binary>
2026-08-13 23:13:25 | INFO | POST /api/tenant/meter-readings | Status 201 | 33ms
2026-08-13 23:13:25 | INFO | REQUEST  | POST /api/meter-readings/2/approve | Body: {"admin_verified_reading": 13000}
2026-08-13 23:13:25 | INFO | POST /api/meter-readings/2/approve | Status 200 | 24ms
2026-08-13 23:13:26 | INFO | REQUEST  | POST /api/tenant/meter-readings | Body: <binary>
2026-08-13 23:13:26 | INFO | POST /api/tenant/meter-readings | Status 201 | 23ms
2026-08-13 23:13:26 | INFO | REQUEST  | POST /api/meter-readings/1/approve | Body: {"admin_verified_reading": 12732}
2026-08-13 23:13:26 | INFO | Reading 1 approved without a bill (auto_create_bill is off).
2026-08-13 23:13:26 | INFO | POST /api/meter-readings/1/approve | Status 200 | 18ms
2026-08-13 23:13:27 | INFO | REQUEST  | POST /api/tenant/meter-readings | Body: <binary>
2026-08-13 23:13:27 | INFO | POST /api/tenant/meter-readings | Status 201 | 25ms
2026-08-13 23:13:27 | INFO | REQUEST  | POST /api/meter-readings/1/reject | Body: {"reason": "Photo is too blurry to read."}
2026-08-13 23:13:27 | INFO | POST /api/meter-readings/1/reject | Status 200 | 33ms
2026-08-13 23:13:30 | INFO | REQUEST  | POST /api/tenant/meter-readings | Body: <binary>
2026-08-13 23:13:30 | INFO | POST /api/tenant/meter-readings | Status 201 | 223ms
2026-08-13 23:13:31 | INFO | REQUEST  | POST /api/meter-readings/1/reject | Body: {"reason": "Wrong meter photographed."}
2026-08-13 23:13:31 | INFO | POST /api/meter-readings/1/reject | Status 200 | 192ms
2026-08-13 23:13:31 | INFO | REQUEST  | GET /api/tenant/meter-readings/1 | Body: 
2026-08-13 23:13:31 | INFO | GET /api/tenant/meter-readings/1 | Status 200 | 116ms
2026-08-13 23:13:33 | INFO | REQUEST  | POST /api/tenant/meter-readings | Body: <binary>
2026-08-13 23:13:33 | INFO | POST /api/tenant/meter-readings | Status 201 | 51ms
2026-08-13 23:13:33 | INFO | REQUEST  | POST /api/meter-readings/1/reject | Body: {"reason": "Blurry"}
2026-08-13 23:13:33 | INFO | POST /api/meter-readings/1/reject | Status 200 | 46ms
2026-08-13 23:13:33 | INFO | REQUEST  | POST /api/tenant/meter-readings | Body: <binary>
2026-08-13 23:13:34 | INFO | POST /api/tenant/meter-readings | Status 201 | 55ms
2026-08-13 23:13:35 | INFO | REQUEST  | POST /api/tenant/meter-readings | Body: <binary>
2026-08-13 23:13:35 | INFO | POST /api/tenant/meter-readings | Status 201 | 24ms
2026-08-13 23:13:35 | INFO | REQUEST  | POST /api/meter-readings/1/approve | Body: {"admin_verified_reading": 12732}
2026-08-13 23:13:35 | INFO | POST /api/meter-readings/1/approve | Status 200 | 26ms
2026-08-13 23:13:35 | INFO | REQUEST  | POST /api/meter-readings/1/reject | Body: {"reason": "changed my mind"}
2026-08-13 23:13:35 | ERROR | Database error – rolling back transaction: 409: This reading has already been approved and billed. Use a bill adjustment instead of rejecting it.
2026-08-13 23:13:35 | INFO | POST /api/meter-readings/1/reject | Status 409 | 6ms
2026-08-13 23:13:37 | INFO | REQUEST  | POST /api/tenant/meter-readings | Body: <binary>
2026-08-13 23:13:37 | INFO | POST /api/tenant/meter-readings | Status 201 | 21ms
2026-08-13 23:13:37 | INFO | REQUEST  | POST /api/meter-readings/1/reject | Body: {"reason": "Blurry"}
2026-08-13 23:13:37 | INFO | POST /api/meter-readings/1/reject | Status 200 | 17ms
2026-08-13 23:13:37 | INFO | REQUEST  | POST /api/meter-readings/1/approve | Body: {"admin_verified_reading": 12732}
2026-08-13 23:13:37 | ERROR | Database error – rolling back transaction: 409: This reading was rejected. Ask the tenant to submit a new photo.
2026-08-13 23:13:37 | INFO | POST /api/meter-readings/1/approve | Status 409 | 11ms
2026-08-13 23:13:38 | INFO | REQUEST  | POST /api/tenant/meter-readings | Body: <binary>
2026-08-13 23:13:38 | INFO | POST /api/tenant/meter-readings | Status 201 | 37ms
2026-08-13 23:13:38 | INFO | REQUEST  | POST /api/meter-readings/1/approve | Body: {"admin_verified_reading": 12730, "override_reason": "Photo shows 12730"}
2026-08-13 23:13:38 | INFO | POST /api/meter-readings/1/approve | Status 200 | 41ms
2026-08-13 23:13:39 | INFO | REQUEST  | POST /api/meters | Body: {"shop_id": 1, "meter_number": "MTR-NEW", "initial_reading": 500}
2026-08-13 23:13:39 | INFO | POST /api/meters | Status 201 | 32ms
2026-08-13 23:13:39 | INFO | REQUEST  | GET /api/meters | Body: 
2026-08-13 23:13:39 | INFO | GET /api/meters | Status 200 | 10ms
2026-08-13 23:13:40 | INFO | REQUEST  | POST /api/meters | Body: {"shop_id": 1, "meter_number": "MTR-001"}
2026-08-13 23:13:40 | ERROR | Database error – rolling back transaction: 409: Meter MTR-001 already exists on this shop
2026-08-13 23:13:40 | INFO | POST /api/meters | Status 409 | 10ms
2026-08-13 23:13:41 | INFO | REQUEST  | POST /api/tenant/meter-readings | Body: <binary>
2026-08-13 23:13:41 | INFO | POST /api/tenant/meter-readings | Status 201 | 23ms
2026-08-13 23:13:41 | INFO | REQUEST  | POST /api/meter-readings/1/approve | Body: {"admin_verified_reading": 12732}
2026-08-13 23:13:41 | INFO | POST /api/meter-readings/1/approve | Status 200 | 23ms
2026-08-13 23:13:41 | INFO | REQUEST  | PUT /api/meters/1 | Body: {"initial_reading": 1}
2026-08-13 23:13:41 | ERROR | Database error – rolling back transaction: 400: Initial reading cannot be changed once this meter has approved readings.
2026-08-13 23:13:41 | INFO | PUT /api/meters/1 | Status 400 | 13ms
2026-08-13 23:13:42 | INFO | REQUEST  | POST /api/tenant/meter-readings | Body: <binary>
2026-08-13 23:13:42 | INFO | POST /api/tenant/meter-readings | Status 201 | 45ms
2026-08-13 23:13:42 | INFO | REQUEST  | POST /api/meter-readings/1/approve | Body: {"admin_verified_reading": 12732}
2026-08-13 23:13:42 | INFO | POST /api/meter-readings/1/approve | Status 200 | 88ms
2026-08-13 23:13:43 | INFO | REQUEST  | DELETE /api/meters/1 | Body: 
2026-08-13 23:13:43 | ERROR | Database error – rolling back transaction: 400: This meter has approved readings and cannot be deleted. Mark it inactive instead so its history is preserved.
2026-08-13 23:13:43 | INFO | DELETE /api/meters/1 | Status 400 | 47ms
2026-08-13 23:13:44 | INFO | REQUEST  | GET /api/tenant/meters | Body: 
2026-08-13 23:13:44 | INFO | GET /api/tenant/meters | Status 200 | 10ms
2026-08-13 23:13:44 | INFO | REQUEST  | GET /api/tenant/meters | Body: 
2026-08-13 23:13:44 | INFO | GET /api/tenant/meters | Status 200 | 5ms
2026-08-13 23:13:44 | INFO | REQUEST  | POST /api/meter-tariffs | Body: {"meter_type": "electricity", "unit_price": 8.0, "effective_from": "2026-04-01T00:00:00"}
2026-08-13 23:13:45 | INFO | POST /api/meter-tariffs | Status 201 | 40ms
2026-08-13 23:13:45 | INFO | REQUEST  | POST /api/meter-tariffs | Body: {"meter_type": "electricity", "unit_price": 9.5, "effective_from": "2026-07-01T00:00:00"}
2026-08-13 23:13:45 | INFO | POST /api/meter-tariffs | Status 201 | 26ms
2026-08-13 23:13:45 | INFO | REQUEST  | GET /api/meter-tariffs | Body: 
2026-08-13 23:13:45 | INFO | GET /api/meter-tariffs | Status 200 | 17ms
2026-08-13 23:13:46 | INFO | REQUEST  | POST /api/tenant/meter-readings | Body: <binary>
2026-08-13 23:13:46 | INFO | POST /api/tenant/meter-readings | Status 201 | 20ms
2026-08-13 23:13:46 | INFO | REQUEST  | POST /api/meter-readings/1/approve | Body: {"admin_verified_reading": 12732}
2026-08-13 23:13:46 | INFO | POST /api/meter-readings/1/approve | Status 200 | 24ms
2026-08-13 23:13:46 | INFO | REQUEST  | DELETE /api/meter-tariffs/1 | Body: 
2026-08-13 23:13:46 | ERROR | Database error – rolling back transaction: 400: This rate has already been used to bill a reading and cannot be deleted. Add a newer rate instead.
2026-08-13 23:13:46 | INFO | DELETE /api/meter-tariffs/1 | Status 400 | 14ms
2026-08-13 23:13:46 | INFO | REQUEST  | GET /api/settings | Body: 
2026-08-13 23:13:46 | INFO | GET /api/settings | Status 200 | 7ms
2026-08-13 23:13:46 | INFO | REQUEST  | PUT /api/settings | Body: {"values": {"app.name": "Gund Properties"}}
2026-08-13 23:13:46 | INFO | PUT /api/settings | Status 200 | 16ms
2026-08-13 23:13:47 | INFO | REQUEST  | GET /api/settings/public | Body: 
2026-08-13 23:13:47 | INFO | GET /api/settings/public | Status 200 | 9ms
2026-08-13 23:13:47 | INFO | REQUEST  | PUT /api/settings | Body: {"values": {"app.name": "Valid Name", "meter.photo_max_mb": 999}}
2026-08-13 23:13:47 | ERROR | Database error – rolling back transaction: 400: Max photo size must be between 1 and 50 MB
2026-08-13 23:13:47 | INFO | PUT /api/settings | Status 400 | 29ms
2026-08-13 23:13:47 | INFO | REQUEST  | GET /api/settings/public | Body: 
2026-08-13 23:13:47 | INFO | GET /api/settings/public | Status 200 | 9ms
2026-08-13 23:13:48 | INFO | REQUEST  | PUT /api/settings | Body: {"values": {"totally.made.up": "x"}}
2026-08-13 23:13:48 | ERROR | Database error – rolling back transaction: 400: Unknown setting key(s): totally.made.up
2026-08-13 23:13:48 | INFO | PUT /api/settings | Status 400 | 35ms
2026-08-13 23:13:49 | INFO | REQUEST  | PUT /api/settings | Body: {"values": {"app.name": "Temp"}}
2026-08-13 23:13:49 | INFO | PUT /api/settings | Status 200 | 27ms
2026-08-13 23:13:49 | INFO | REQUEST  | POST /api/settings/reset | Body: 
2026-08-13 23:13:49 | INFO | POST /api/settings/reset | Status 200 | 24ms
2026-08-13 23:13:49 | INFO | REQUEST  | GET /api/settings/public | Body: 
2026-08-13 23:13:49 | INFO | GET /api/settings/public | Status 200 | 11ms
2026-08-13 23:13:50 | INFO | REQUEST  | GET /api/settings | Body: 
2026-08-13 23:13:50 | ERROR | Database error – rolling back transaction: 403: Admin access required
2026-08-13 23:13:50 | INFO | GET /api/settings | Status 403 | 21ms
2026-08-13 23:13:50 | INFO | REQUEST  | PUT /api/settings | Body: {"values": {"app.name": "Hacked"}}
2026-08-13 23:13:50 | ERROR | Database error – rolling back transaction: 403: Admin access required
2026-08-13 23:13:50 | INFO | PUT /api/settings | Status 403 | 17ms
2026-08-13 23:13:51 | INFO | REQUEST  | GET /api/settings/public | Body: 
2026-08-13 23:13:51 | INFO | GET /api/settings/public | Status 200 | 16ms
2026-08-13 23:13:51 | INFO | REQUEST  | POST /api/meters | Body: {"meter_number": "SPARE-01", "initial_reading": 0}
2026-08-13 23:13:51 | INFO | POST /api/meters | Status 201 | 25ms
2026-08-13 23:13:52 | INFO | REQUEST  | POST /api/meters | Body: {"meter_number": "SPARE-01"}
2026-08-13 23:13:52 | INFO | POST /api/meters | Status 201 | 30ms
2026-08-13 23:13:52 | INFO | REQUEST  | POST /api/meters | Body: {"meter_number": "SPARE-01"}
2026-08-13 23:13:52 | ERROR | Database error – rolling back transaction: 409: An unassigned meter numbered SPARE-01 already exists
2026-08-13 23:13:52 | INFO | POST /api/meters | Status 409 | 14ms
2026-08-13 23:13:53 | INFO | REQUEST  | POST /api/meters | Body: {"meter_number": "SPARE-01"}
2026-08-13 23:13:53 | INFO | POST /api/meters | Status 201 | 26ms
2026-08-13 23:13:53 | INFO | REQUEST  | GET /api/meters | Body: 
2026-08-13 23:13:53 | INFO | GET /api/meters | Status 200 | 9ms
2026-08-13 23:13:53 | INFO | REQUEST  | GET /api/meters | Body: 
2026-08-13 23:13:53 | INFO | GET /api/meters | Status 200 | 8ms
2026-08-13 23:13:55 | INFO | REQUEST  | POST /api/meters | Body: {"meter_number": "SPARE-01"}
2026-08-13 23:13:55 | INFO | POST /api/meters | Status 201 | 41ms
2026-08-13 23:13:55 | INFO | REQUEST  | GET /api/tenant/meters | Body: 
2026-08-13 23:13:55 | INFO | GET /api/tenant/meters | Status 200 | 9ms
2026-08-13 23:13:56 | INFO | REQUEST  | POST /api/meters | Body: {"meter_number": "SPARE-01"}
2026-08-13 23:13:56 | INFO | POST /api/meters | Status 201 | 32ms
2026-08-13 23:13:56 | INFO | REQUEST  | POST /api/tenant/meter-readings | Body: <binary>
2026-08-13 23:13:56 | ERROR | Database error – rolling back transaction: 403: This meter is not on one of your shops.
2026-08-13 23:13:56 | INFO | POST /api/tenant/meter-readings | Status 403 | 14ms
2026-08-13 23:13:57 | INFO | REQUEST  | POST /api/meters | Body: {"meter_number": "SPARE-01", "initial_reading": 500}
2026-08-13 23:13:57 | INFO | POST /api/meters | Status 201 | 32ms
2026-08-13 23:13:57 | INFO | REQUEST  | GET /api/tenant/meters | Body: 
2026-08-13 23:13:57 | INFO | GET /api/tenant/meters | Status 200 | 8ms
2026-08-13 23:13:57 | INFO | REQUEST  | POST /api/meters/1/assign-shop | Body: {"shop_id": 1}
2026-08-13 23:13:57 | INFO | POST /api/meters/1/assign-shop | Status 200 | 26ms
2026-08-13 23:13:57 | INFO | REQUEST  | GET /api/tenant/meters | Body: 
2026-08-13 23:13:57 | INFO | GET /api/tenant/meters | Status 200 | 10ms
2026-08-13 23:13:59 | INFO | REQUEST  | POST /api/meters | Body: {"meter_number": "MTR-001"}
2026-08-13 23:13:59 | INFO | POST /api/meters | Status 201 | 123ms
2026-08-13 23:13:59 | INFO | REQUEST  | POST /api/meters/2/assign-shop | Body: {"shop_id": 1}
2026-08-13 23:13:59 | ERROR | Database error – rolling back transaction: 409: Shop A-101 already has a meter numbered MTR-001
2026-08-13 23:13:59 | INFO | POST /api/meters/2/assign-shop | Status 409 | 12ms
2026-08-13 23:14:00 | INFO | REQUEST  | POST /api/meters | Body: {"meter_number": "SPARE-01"}
2026-08-13 23:14:00 | INFO | POST /api/meters | Status 201 | 32ms
2026-08-13 23:14:00 | INFO | REQUEST  | POST /api/meters/1/assign-shop | Body: {"shop_id": 9999}
2026-08-13 23:14:00 | ERROR | Database error – rolling back transaction: 404: Shop not found
2026-08-13 23:14:00 | INFO | POST /api/meters/1/assign-shop | Status 404 | 24ms
2026-08-13 23:14:01 | INFO | REQUEST  | POST /api/meters/1/unassign | Body: 
2026-08-13 23:14:01 | INFO | POST /api/meters/1/unassign | Status 200 | 27ms
2026-08-13 23:14:01 | INFO | REQUEST  | GET /api/tenant/meters | Body: 
2026-08-13 23:14:01 | INFO | GET /api/tenant/meters | Status 200 | 17ms
2026-08-13 23:14:02 | INFO | REQUEST  | POST /api/tenant/meter-readings | Body: <binary>
2026-08-13 23:14:02 | INFO | POST /api/tenant/meter-readings | Status 201 | 26ms
2026-08-13 23:14:02 | INFO | REQUEST  | POST /api/meters/1/unassign | Body: 
2026-08-13 23:14:02 | ERROR | Database error – rolling back transaction: 400: A reading for this meter is waiting for review. Approve or reject it before removing the meter from the shop.
2026-08-13 23:14:02 | INFO | POST /api/meters/1/unassign | Status 400 | 19ms
2026-08-13 23:14:04 | INFO | REQUEST  | POST /api/tenant/meter-readings | Body: <binary>
2026-08-13 23:14:04 | INFO | POST /api/tenant/meter-readings | Status 201 | 49ms
2026-08-13 23:14:04 | INFO | REQUEST  | POST /api/meter-readings/1/approve | Body: {"admin_verified_reading": 12732}
2026-08-13 23:14:04 | INFO | POST /api/meter-readings/1/approve | Status 200 | 62ms
2026-08-13 23:14:04 | INFO | REQUEST  | POST /api/meters/1/unassign | Body: 
2026-08-13 23:14:04 | INFO | POST /api/meters/1/unassign | Status 200 | 81ms
2026-08-13 23:14:06 | INFO | REQUEST  | POST /api/tenant/meter-readings | Body: <binary>
2026-08-13 23:14:06 | INFO | POST /api/tenant/meter-readings | Status 201 | 27ms
2026-08-13 23:14:06 | INFO | REQUEST  | POST /api/meter-readings/1/approve | Body: {"admin_verified_reading": 12732}
2026-08-13 23:14:06 | INFO | POST /api/meter-readings/1/approve | Status 200 | 34ms
2026-08-13 23:14:06 | INFO | REQUEST  | POST /api/meters/1/assign-shop | Body: {"shop_id": 2}
2026-08-13 23:14:06 | ERROR | Database error – rolling back transaction: 400: This meter already has approved readings billed to its current shop, so it can't be moved. Add a new meter on the other shop instead.
2026-08-13 23:14:06 | INFO | POST /api/meters/1/assign-shop | Status 400 | 13ms
2026-08-13 23:14:07 | INFO | REQUEST  | POST /api/meters/1/assign-shop | Body: {"shop_id": 1}
2026-08-13 23:14:07 | ERROR | Database error – rolling back transaction: 400: This meter is already on shop A-101
2026-08-13 23:14:07 | INFO | POST /api/meters/1/assign-shop | Status 400 | 18ms
2026-08-13 23:14:08 | INFO | REQUEST  | POST /api/meters/1/assign-shop | Body: {"shop_id": 1}
2026-08-13 23:14:08 | ERROR | Database error – rolling back transaction: 403: Admin access required
2026-08-13 23:14:08 | INFO | POST /api/meters/1/assign-shop | Status 403 | 12ms
2026-08-13 23:14:08 | INFO | REQUEST  | POST /api/meters/1/unassign | Body: 
2026-08-13 23:14:08 | ERROR | Database error – rolling back transaction: 403: Admin access required
2026-08-13 23:14:08 | INFO | POST /api/meters/1/unassign | Status 403 | 7ms
2026-08-13 23:14:09 | INFO | REQUEST  | GET /api/meters/1 | Body: 
2026-08-13 23:14:09 | INFO | GET /api/meters/1 | Status 200 | 11ms
2026-08-13 23:14:10 | INFO | REQUEST  | POST /api/tenant/meter-readings | Body: <binary>
2026-08-13 23:14:10 | INFO | POST /api/tenant/meter-readings | Status 201 | 40ms
2026-08-13 23:14:10 | INFO | REQUEST  | GET /api/meters/1 | Body: 
2026-08-13 23:14:10 | INFO | GET /api/meters/1 | Status 200 | 16ms
2026-08-13 23:14:10 | INFO | REQUEST  | POST /api/meter-readings/1/approve | Body: {"admin_verified_reading": 12732}
2026-08-13 23:14:10 | INFO | POST /api/meter-readings/1/approve | Status 200 | 27ms
2026-08-13 23:14:10 | INFO | REQUEST  | GET /api/meters/1 | Body: 
2026-08-13 23:14:10 | INFO | GET /api/meters/1 | Status 200 | 17ms
2026-08-13 23:14:16 | INFO | REQUEST  | GET /api/meters/1/history | Body: 
2026-08-13 23:14:18 | INFO | GET /api/meters/1/history | Status 200 | 1302ms
2026-08-13 23:14:23 | INFO | REQUEST  | POST /api/tenant/meter-readings | Body: <binary>
2026-08-13 23:14:23 | INFO | POST /api/tenant/meter-readings | Status 201 | 99ms
2026-08-13 23:14:23 | INFO | REQUEST  | POST /api/meter-readings/1/approve | Body: {"admin_verified_reading": 12732}
2026-08-13 23:14:23 | INFO | POST /api/meter-readings/1/approve | Status 200 | 80ms
2026-08-13 23:14:23 | INFO | REQUEST  | POST /api/tenant/meter-readings | Body: <binary>
2026-08-13 23:14:23 | INFO | POST /api/tenant/meter-readings | Status 201 | 64ms
2026-08-13 23:14:23 | INFO | REQUEST  | POST /api/meter-readings/2/reject | Body: {"reason": "Blurry"}
2026-08-13 23:14:23 | INFO | POST /api/meter-readings/2/reject | Status 200 | 62ms
2026-08-13 23:14:23 | INFO | REQUEST  | POST /api/tenant/meter-readings | Body: <binary>
2026-08-13 23:14:24 | INFO | POST /api/tenant/meter-readings | Status 201 | 602ms
2026-08-13 23:14:24 | INFO | REQUEST  | GET /api/meters/1/history | Body: 
2026-08-13 23:14:24 | INFO | GET /api/meters/1/history | Status 200 | 151ms
2026-08-13 23:14:28 | INFO | REQUEST  | POST /api/tenant/meter-readings | Body: <binary>
2026-08-13 23:14:28 | INFO | POST /api/tenant/meter-readings | Status 201 | 84ms
2026-08-13 23:14:28 | INFO | REQUEST  | POST /api/meter-readings/1/approve | Body: {"admin_verified_reading": 12730, "override_reason": "Photo shows 12730"}
2026-08-13 23:14:28 | INFO | POST /api/meter-readings/1/approve | Status 200 | 150ms
2026-08-13 23:14:28 | INFO | REQUEST  | GET /api/meters/1/history | Body: 
2026-08-13 23:14:28 | INFO | GET /api/meters/1/history | Status 200 | 264ms
2026-08-13 23:14:33 | INFO | REQUEST  | GET /api/meters/1/history | Body: 
2026-08-13 23:14:33 | ERROR | Database error – rolling back transaction: 403: Admin access required
2026-08-13 23:14:33 | INFO | GET /api/meters/1/history | Status 403 | 34ms
2026-08-13 23:14:35 | INFO | REQUEST  | GET /api/meters/9999/history | Body: 
2026-08-13 23:14:35 | ERROR | Database error – rolling back transaction: 404: Meter not found
2026-08-13 23:14:35 | INFO | GET /api/meters/9999/history | Status 404 | 127ms
2026-08-13 23:14:36 | INFO | REQUEST  | POST /api/shop | Body: {"shop_number": "D-404", "area_sqft": 300, "shop_rent": 9000, "shop_deposit": 45000}
2026-08-13 23:14:36 | INFO | POST /api/shop | Status 201 | 31ms
2026-08-13 23:14:37 | INFO | REQUEST  | POST /api/meters | Body: {"shop_id": 1, "meter_number": "MTR-404", "meter_type": "electricity", "initial_reading": 100}
2026-08-13 23:14:37 | INFO | POST /api/meters | Status 201 | 35ms
2026-08-13 23:14:38 | INFO | REQUEST  | POST /api/meters | Body: {"shop_id": 1, "meter_number": "MTR-002", "initial_reading": 0}
2026-08-13 23:14:38 | INFO | POST /api/meters | Status 201 | 45ms
2026-08-13 23:14:38 | INFO | REQUEST  | GET /api/meters | Body: 
2026-08-13 23:14:38 | INFO | GET /api/meters | Status 200 | 28ms
2026-08-13 23:14:39 | INFO | REQUEST  | POST /api/meters | Body: {"shop_id": 1, "meter_number": "MTR-002", "initial_reading": 0}
2026-08-13 23:14:39 | INFO | POST /api/meters | Status 201 | 31ms
2026-08-13 23:14:39 | INFO | REQUEST  | GET /api/tenant/meters | Body: 
2026-08-13 23:14:39 | INFO | GET /api/tenant/meters | Status 200 | 10ms
2026-08-13 23:15:13 | INFO | REQUEST  | POST /api/meter-tariffs | Body: {"unit_price": 9.5, "effective_from": "2020-01-01T00:00:00"}
2026-08-13 23:15:13 | INFO | POST /api/meter-tariffs | Status 201 | 29ms
2026-08-13 23:15:13 | INFO | REQUEST  | POST /api/shop | Body: {"shop_number": "A-101", "area_sqft": 450, "shop_rent": 10000, "shop_deposit": 50000, "complex_id": 1}
2026-08-13 23:15:13 | INFO | POST /api/shop | Status 201 | 24ms
2026-08-13 23:15:13 | INFO | REQUEST  | POST /api/meters | Body: {"shop_id": 1, "meter_number": "MTR-001", "initial_reading": 12450}
2026-08-13 23:15:14 | INFO | POST /api/meters | Status 201 | 38ms
2026-08-13 23:15:14 | INFO | REQUEST  | POST /api/meters | Body: {"meter_number": "MTR-SPARE", "initial_reading": 0}
2026-08-13 23:15:14 | INFO | POST /api/meters | Status 201 | 24ms
2026-08-13 23:15:14 | INFO | REQUEST  | GET /api/meters | Body: 
2026-08-13 23:15:14 | INFO | GET /api/meters | Status 200 | 14ms
2026-08-13 23:15:14 | INFO | REQUEST  | POST /api/meters | Body: {"shop_id": 1, "meter_number": "MTR-002", "initial_reading": 300}
2026-08-13 23:15:14 | INFO | POST /api/meters | Status 201 | 20ms
2026-08-13 23:15:14 | INFO | REQUEST  | GET /api/meters | Body: 
2026-08-13 23:15:14 | INFO | GET /api/meters | Status 200 | 19ms
2026-08-13 23:15:14 | INFO | REQUEST  | POST /api/shop | Body: {"shop_number": "B-202", "area_sqft": 300, "shop_rent": 8000, "shop_deposit": 40000, "complex_id": 1}
2026-08-13 23:15:14 | INFO | POST /api/shop | Status 201 | 19ms
2026-08-13 23:15:14 | INFO | REQUEST  | POST /api/meters/2/assign-shop | Body: {"shop_id": 2}
2026-08-13 23:15:14 | INFO | POST /api/meters/2/assign-shop | Status 200 | 28ms
2026-08-13 23:15:14 | INFO | REQUEST  | PUT /api/meters/3 | Body: {"meter_number": "MTR-002-B", "notes": "behind the shop", "is_active": false}
2026-08-13 23:15:14 | INFO | PUT /api/meters/3 | Status 200 | 28ms
2026-08-13 23:15:14 | INFO | REQUEST  | GET /api/tenant/meters | Body: 
2026-08-13 23:15:14 | INFO | GET /api/tenant/meters | Status 200 | 16ms
2026-08-13 23:15:14 | INFO | REQUEST  | POST /api/tenant/meter-readings | Body: <binary>
2026-08-13 23:15:14 | INFO | POST /api/tenant/meter-readings | Status 201 | 29ms
2026-08-13 23:15:14 | INFO | REQUEST  | POST /api/meter-readings/1/approve | Body: {"admin_verified_reading": 12730, "override_reason": "Photo shows 12730"}
2026-08-13 23:15:14 | INFO | POST /api/meter-readings/1/approve | Status 200 | 30ms
2026-08-13 23:15:14 | INFO | REQUEST  | POST /api/tenant/meter-readings | Body: <binary>
2026-08-13 23:15:14 | INFO | POST /api/tenant/meter-readings | Status 201 | 23ms
2026-08-13 23:15:14 | INFO | REQUEST  | POST /api/meter-readings/2/reject | Body: {"reason": "Photo too blurry"}
2026-08-13 23:15:14 | INFO | POST /api/meter-readings/2/reject | Status 200 | 20ms
2026-08-13 23:15:14 | INFO | REQUEST  | POST /api/tenant/meter-readings | Body: <binary>
2026-08-13 23:15:14 | INFO | POST /api/tenant/meter-readings | Status 201 | 23ms
2026-08-13 23:15:14 | INFO | REQUEST  | GET /api/meters/1/history | Body: 
2026-08-13 23:15:14 | INFO | GET /api/meters/1/history | Status 200 | 21ms
2026-08-13 23:15:14 | INFO | REQUEST  | POST /api/meters/1/assign-shop | Body: {"shop_id": 2}
2026-08-13 23:15:14 | ERROR | Database error – rolling back transaction: 400: This meter already has approved readings billed to its current shop, so it can't be moved. Add a new meter on the other shop instead.
2026-08-13 23:15:14 | INFO | POST /api/meters/1/assign-shop | Status 400 | 17ms
2026-08-13 23:15:14 | INFO | REQUEST  | POST /api/meters/1/unassign | Body: 
2026-08-13 23:15:14 | ERROR | Database error – rolling back transaction: 400: A reading for this meter is waiting for review. Approve or reject it before removing the meter from the shop.
2026-08-13 23:15:14 | INFO | POST /api/meters/1/unassign | Status 400 | 11ms
2026-08-13 23:15:14 | INFO | REQUEST  | GET /api/meters/1/history | Body: 
2026-08-13 23:15:14 | ERROR | Database error – rolling back transaction: 403: Admin access required
2026-08-13 23:15:14 | INFO | GET /api/meters/1/history | Status 403 | 12ms
